date,ticker,permno,lifecycle_action,buy_sell,event_weight,event_target_weight,softmax_v1_target_weight,softmax_v1_cash_residual,softmax_v1_gross_weight,sizing_eligible,eligibility_reason,factor_positive_count,factor_present_count,technical_quality,score,hold_days,source
2025-01-06,AMZN,84788,BUY,BUY,0.1,0.1,0.1,0.9,0.1,True,eligible_buy_or_hold,3,4,1.0,0.25,0,rule100_softmax_v1_history
2025-01-07,AMZN,84788,HOLD,,0.1,0.1,0.1,0.9,0.1,True,eligible_buy_or_hold,3,4,1.0,0.25,1,rule100_softmax_v1_history
2025-01-08,AMZN,84788,HOLD,,0.1,0.1,0.1,0.9,0.1,True,eligible_buy_or_hold,3,4,1.0,0.25,2,rule100_softmax_v1_history
2025-01-10,AMZN,84788,HOLD,,0.1,0.1,0.1,0.8,0.2,True,eligible_buy_or_hold,3,4,1.0,0.25,4,rule100_softmax_v1_history
2025-01-10,TSM,85442,BUY,BUY,0.1,0.1,0.1,0.8,0.2,True,eligible_buy_or_hold,3,4,1.0,0.25,0,rule100_softmax_v1_history
2025-01-13,AMZN,84788,HOLD,,0.1,0.1,0.1,0.8,0.2,True,eligible_buy_or_hold,3,4,1.0,0.25,7,rule100_softmax_v1_history
2025-01-13,TSM,85442,HOLD,,0.1,0.1,0.1,0.8,0.2,True,eligible_buy_or_hold,3,4,1.0,0.25,3,rule100_softmax_v1_history
2025-01-14,AMZN,84788,HOLD,,0.1,0.1,0.1,0.8,0.2,True,eligible_buy_or_hold,3,4,1.0,0.25,8,rule100_softmax_v1_history
2025-01-14,TSM,85442,HOLD,,0.1,0.1,0.1,0.8,0.2,True,eligible_buy_or_hold,3,4,1.0,0.25,4,rule100_softmax_v1_history
2025-01-15,AMZN,84788,HOLD,,0.1,0.1,0.1,0.8,0.2,True,eligible_buy_or_hold,3,4,1.0,0.25,9,rule100_softmax_v1_history
2025-01-15,TSM,85442,HOLD,,0.1,0.1,0.1,0.8,0.2,True,eligible_buy_or_hold,3,4,1.0,0.25,5,rule100_softmax_v1_history
2025-01-16,AMZN,84788,HOLD,,0.1,0.1,0.1,0.9,0.1,True,eligible_buy_or_hold,3,4,1.0,0.25,10,rule100_softmax_v1_history
2025-01-16,TSM,85442,TIGHTEN,,0.1,0.1,0.0,0.9,0.1,False,tighten_below_hold_threshold,0,1,0.18374000000000001,0.045935000000000004,6,rule100_softmax_v1_history
2025-01-17,AMZN,84788,HOLD,,0.1,0.1,0.1,0.8,0.2,True,eligible_buy_or_hold,3,4,1.0,0.25,11,rule100_softmax_v1_history
2025-01-17,TSM,85442,HOLD,,0.1,0.1,0.1,0.8,0.2,True,eligible_buy_or_hold,3,4,1.0,0.25,7,rule100_softmax_v1_history
2025-01-21,AMZN,84788,HOLD,,0.1,0.1,0.1,0.8,0.2,True,eligible_buy_or_hold,3,4,1.0,0.25,15,rule100_softmax_v1_history
2025-01-21,TSM,85442,HOLD,,0.1,0.1,0.1,0.8,0.2,True,eligible_buy_or_hold,3,4,1.0,0.25,11,rule100_softmax_v1_history
2025-01-22,AMZN,84788,HOLD,,0.1,0.1,0.1,0.8,0.2,True,eligible_buy_or_hold,3,4,1.0,0.25,16,rule100_softmax_v1_history
2025-01-22,TSM,85442,HOLD,,0.1,0.1,0.1,0.8,0.2,True,eligible_buy_or_hold,3,4,1.0,0.25,12,rule100_softmax_v1_history
2025-01-23,AMZN,84788,HOLD,,0.1,0.1,0.1,0.8,0.2,True,eligible_buy_or_hold,3,4,1.0,0.25,17,rule100_softmax_v1_history
2025-01-23,TSM,85442,HOLD,,0.1,0.1,0.1,0.8,0.2,True,eligible_buy_or_hold,3,4,1.0,0.25,13,rule100_softmax_v1_history
2025-01-24,AMZN,84788,HOLD,,0.1,0.1,0.1,0.8,0.2,True,eligible_buy_or_hold,3,4,1.0,0.25,18,rule100_softmax_v1_history
2025-01-24,TSM,85442,HOLD,,0.1,0.1,0.1,0.8,0.2,True,eligible_buy_or_hold,3,4,1.0,0.25,14,rule100_softmax_v1_history
2025-01-27,AMZN,84788,HOLD,,0.1,0.1,0.1,0.8,0.2,True,eligible_buy_or_hold,3,4,1.0,0.25,21,rule100_softmax_v1_history
2025-01-27,TSM,85442,HOLD,,0.1,0.1,0.1,0.8,0.2,True,eligible_buy_or_hold,3,4,1.0,0.25,17,rule100_softmax_v1_history
2025-01-28,AMZN,84788,HOLD,,0.1,0.1,0.1,0.8,0.2,True,eligible_buy_or_hold,3,4,1.0,0.25,22,rule100_softmax_v1_history
2025-01-28,TSM,85442,HOLD,,0.1,0.1,0.1,0.8,0.2,True,eligible_buy_or_hold,3,4,1.0,0.25,18,rule100_softmax_v1_history
2025-01-29,AMZN,84788,HOLD,,0.1,0.1,0.1,0.8,0.2,True,eligible_buy_or_hold,3,4,1.0,0.25,23,rule100_softmax_v1_history
2025-01-29,TSM,85442,HOLD,,0.1,0.1,0.1,0.8,0.2,True,eligible_buy_or_hold,3,4,1.0,0.25,19,rule100_softmax_v1_history
2025-01-30,AMZN,84788,HOLD,,0.1,0.1,0.1,0.8,0.2,True,eligible_buy_or_hold,2,4,1.0,0.25,24,rule100_softmax_v1_history
2025-01-30,TSM,85442,HOLD,,0.1,0.1,0.1,0.8,0.2,True,eligible_buy_or_hold,3,4,1.0,0.25,20,rule100_softmax_v1_history
2025-01-31,AMZN,84788,HOLD,,0.1,0.1,0.1,0.8,0.2,True,eligible_buy_or_hold,2,4,1.0,0.25,25,rule100_softmax_v1_history
2025-01-31,TSM,85442,HOLD,,0.1,0.1,0.1,0.8,0.2,True,eligible_buy_or_hold,3,4,1.0,0.25,21,rule100_softmax_v1_history
2025-02-03,AMZN,84788,HOLD,,0.1,0.1,0.1,0.7,0.30000000000000004,True,eligible_buy_or_hold,2,4,1.0,0.25,28,rule100_softmax_v1_history
2025-02-03,TSLA,93436,BUY,BUY,0.1,0.1,0.1,0.7,0.30000000000000004,True,eligible_buy_or_hold,3,4,1.0,0.25,0,rule100_softmax_v1_history
2025-02-03,TSM,85442,HOLD,,0.1,0.1,0.1,0.7,0.30000000000000004,True,eligible_buy_or_hold,3,4,1.0,0.25,24,rule100_softmax_v1_history
2025-02-04,AMZN,84788,HOLD,,0.1,0.1,0.1,0.7,0.30000000000000004,True,eligible_buy_or_hold,3,4,1.0,0.25,29,rule100_softmax_v1_history
2025-02-04,TSLA,93436,HOLD,,0.1,0.1,0.1,0.7,0.30000000000000004,True,eligible_buy_or_hold,3,4,1.0,0.25,1,rule100_softmax_v1_history
2025-02-04,TSM,85442,HOLD,,0.1,0.1,0.1,0.7,0.30000000000000004,True,eligible_buy_or_hold,3,4,1.0,0.25,25,rule100_softmax_v1_history
2025-02-05,AMZN,84788,HOLD,,0.1,0.1,0.1,0.7,0.30000000000000004,True,eligible_buy_or_hold,2,4,1.0,0.25,30,rule100_softmax_v1_history
2025-02-05,TSLA,93436,HOLD,,0.1,0.1,0.1,0.7,0.30000000000000004,True,eligible_buy_or_hold,3,4,1.0,0.25,2,rule100_softmax_v1_history
2025-02-05,TSM,85442,HOLD,,0.1,0.1,0.1,0.7,0.30000000000000004,True,eligible_buy_or_hold,3,4,1.0,0.25,26,rule100_softmax_v1_history
2025-02-06,AMZN,84788,TIGHTEN,,0.1,0.1,0.0,0.8,0.2,False,tighten_below_hold_threshold,0,1,0.32508000000000004,0.08127000000000001,31,rule100_softmax_v1_history
2025-02-06,TSLA,93436,HOLD,,0.1,0.1,0.1,0.8,0.2,True,eligible_buy_or_hold,3,4,1.0,0.25,3,rule100_softmax_v1_history
2025-02-06,TSM,85442,HOLD,,0.1,0.1,0.1,0.8,0.2,True,eligible_buy_or_hold,2,4,1.0,0.25,27,rule100_softmax_v1_history
2025-02-07,AMZN,84788,HOLD,,0.1,0.1,0.1,0.7,0.30000000000000004,True,eligible_buy_or_hold,3,4,1.0,0.25,32,rule100_softmax_v1_history
2025-02-07,TSLA,93436,HOLD,,0.1,0.1,0.1,0.7,0.30000000000000004,True,eligible_buy_or_hold,3,4,1.0,0.25,4,rule100_softmax_v1_history
2025-02-07,TSM,85442,HOLD,,0.1,0.1,0.1,0.7,0.30000000000000004,True,eligible_buy_or_hold,3,4,1.0,0.25,28,rule100_softmax_v1_history
2025-02-10,AMZN,84788,HOLD,,0.1,0.1,0.1,0.7,0.30000000000000004,True,eligible_buy_or_hold,3,4,1.0,0.25,35,rule100_softmax_v1_history
2025-02-10,TSLA,93436,HOLD,,0.1,0.1,0.1,0.7,0.30000000000000004,True,eligible_buy_or_hold,3,4,1.0,0.25,7,rule100_softmax_v1_history
2025-02-10,TSM,85442,HOLD,,0.1,0.1,0.1,0.7,0.30000000000000004,True,eligible_buy_or_hold,3,4,1.0,0.25,31,rule100_softmax_v1_history
2025-02-11,AMZN,84788,HOLD,,0.1,0.1,0.1,0.7,0.30000000000000004,True,eligible_buy_or_hold,3,4,1.0,0.25,36,rule100_softmax_v1_history
2025-02-11,TSLA,93436,HOLD,,0.1,0.1,0.1,0.7,0.30000000000000004,True,eligible_buy_or_hold,3,4,1.0,0.25,8,rule100_softmax_v1_history
2025-02-11,TSM,85442,HOLD,,0.1,0.1,0.1,0.7,0.30000000000000004,True,eligible_buy_or_hold,3,4,1.0,0.25,32,rule100_softmax_v1_history
2025-02-12,AMZN,84788,HOLD,,0.1,0.1,0.1,0.7,0.30000000000000004,True,eligible_buy_or_hold,3,4,1.0,0.25,37,rule100_softmax_v1_history
2025-02-12,TSLA,93436,HOLD,,0.1,0.1,0.1,0.7,0.30000000000000004,True,eligible_buy_or_hold,3,4,1.0,0.25,9,rule100_softmax_v1_history
2025-02-12,TSM,85442,HOLD,,0.1,0.1,0.1,0.7,0.30000000000000004,True,eligible_buy_or_hold,3,4,1.0,0.25,33,rule100_softmax_v1_history
2025-02-13,AMZN,84788,HOLD,,0.1,0.1,0.1,0.7,0.30000000000000004,True,eligible_buy_or_hold,3,4,1.0,0.25,38,rule100_softmax_v1_history
2025-02-13,TSLA,93436,HOLD,,0.1,0.1,0.1,0.7,0.30000000000000004,True,eligible_buy_or_hold,3,4,1.0,0.25,10,rule100_softmax_v1_history
2025-02-13,TSM,85442,HOLD,,0.1,0.1,0.1,0.7,0.30000000000000004,True,eligible_buy_or_hold,3,4,1.0,0.25,34,rule100_softmax_v1_history
2025-02-14,AMZN,84788,HOLD,,0.1,0.1,0.1,0.7,0.30000000000000004,True,eligible_buy_or_hold,3,4,1.0,0.25,39,rule100_softmax_v1_history
2025-02-14,TSLA,93436,HOLD,,0.1,0.1,0.1,0.7,0.30000000000000004,True,eligible_buy_or_hold,3,4,1.0,0.25,11,rule100_softmax_v1_history
2025-02-14,TSM,85442,HOLD,,0.1,0.1,0.1,0.7,0.30000000000000004,True,eligible_buy_or_hold,3,4,1.0,0.25,35,rule100_softmax_v1_history
2025-02-18,AMZN,84788,HOLD,,0.1,0.1,0.1,0.7,0.30000000000000004,True,eligible_buy_or_hold,3,4,1.0,0.25,43,rule100_softmax_v1_history
2025-02-18,TSLA,93436,HOLD,,0.1,0.1,0.1,0.7,0.30000000000000004,True,eligible_buy_or_hold,3,4,1.0,0.25,15,rule100_softmax_v1_history
2025-02-18,TSM,85442,HOLD,,0.1,0.1,0.1,0.7,0.30000000000000004,True,eligible_buy_or_hold,3,4,1.0,0.25,39,rule100_softmax_v1_history
2025-02-19,AMZN,84788,HOLD,,0.1,0.1,0.1,0.7,0.30000000000000004,True,eligible_buy_or_hold,3,4,1.0,0.25,44,rule100_softmax_v1_history
2025-02-19,TSLA,93436,HOLD,,0.1,0.1,0.1,0.7,0.30000000000000004,True,eligible_buy_or_hold,3,4,1.0,0.25,16,rule100_softmax_v1_history
2025-02-19,TSM,85442,HOLD,,0.1,0.1,0.1,0.7,0.30000000000000004,True,eligible_buy_or_hold,3,4,1.0,0.25,40,rule100_softmax_v1_history
2025-02-20,AMZN,84788,HOLD,,0.1,0.1,0.1,0.7,0.30000000000000004,True,eligible_buy_or_hold,3,4,1.0,0.25,45,rule100_softmax_v1_history
2025-02-20,TSLA,93436,HOLD,,0.1,0.1,0.1,0.7,0.30000000000000004,True,eligible_buy_or_hold,3,4,1.0,0.25,17,rule100_softmax_v1_history
2025-02-20,TSM,85442,HOLD,,0.1,0.1,0.1,0.7,0.30000000000000004,True,eligible_buy_or_hold,3,4,1.0,0.25,41,rule100_softmax_v1_history
2025-02-21,AMZN,84788,HOLD,,0.1,0.1,0.1,0.7,0.30000000000000004,True,eligible_buy_or_hold,3,4,1.0,0.25,46,rule100_softmax_v1_history
2025-02-21,TSLA,93436,HOLD,,0.1,0.1,0.1,0.7,0.30000000000000004,True,eligible_buy_or_hold,3,4,1.0,0.25,18,rule100_softmax_v1_history
2025-02-21,TSM,85442,HOLD,,0.1,0.1,0.1,0.7,0.30000000000000004,True,eligible_buy_or_hold,3,4,1.0,0.25,42,rule100_softmax_v1_history
2025-02-24,AMZN,84788,HOLD,,0.1,0.1,0.1,0.7,0.30000000000000004,True,eligible_buy_or_hold,3,4,1.0,0.25,49,rule100_softmax_v1_history
2025-02-24,TSLA,93436,HOLD,,0.1,0.1,0.1,0.7,0.30000000000000004,True,eligible_buy_or_hold,3,4,1.0,0.25,21,rule100_softmax_v1_history
2025-02-24,TSM,85442,HOLD,,0.1,0.1,0.1,0.7,0.30000000000000004,True,eligible_buy_or_hold,3,4,1.0,0.25,45,rule100_softmax_v1_history
2025-02-25,AMZN,84788,HOLD,,0.1,0.1,0.1,0.7,0.30000000000000004,True,eligible_buy_or_hold,3,4,1.0,0.25,50,rule100_softmax_v1_history
2025-02-25,TSLA,93436,HOLD,,0.1,0.1,0.1,0.7,0.30000000000000004,True,eligible_buy_or_hold,3,4,1.0,0.25,22,rule100_softmax_v1_history
2025-02-25,TSM,85442,HOLD,,0.1,0.1,0.1,0.7,0.30000000000000004,True,eligible_buy_or_hold,3,4,1.0,0.25,46,rule100_softmax_v1_history
2025-02-26,AMZN,84788,HOLD,,0.1,0.1,0.1,0.7,0.30000000000000004,True,eligible_buy_or_hold,3,4,1.0,0.25,51,rule100_softmax_v1_history
2025-02-26,TSLA,93436,HOLD,,0.1,0.1,0.1,0.7,0.30000000000000004,True,eligible_buy_or_hold,3,4,1.0,0.25,23,rule100_softmax_v1_history
2025-02-26,TSM,85442,HOLD,,0.1,0.1,0.1,0.7,0.30000000000000004,True,eligible_buy_or_hold,3,4,1.0,0.25,47,rule100_softmax_v1_history
2025-02-27,AMZN,84788,HOLD,,0.1,0.1,0.1,0.8,0.2,True,eligible_buy_or_hold,3,4,1.0,0.25,52,rule100_softmax_v1_history
2025-02-27,TSLA,93436,HOLD,,0.1,0.1,0.1,0.8,0.2,True,eligible_buy_or_hold,3,4,1.0,0.25,24,rule100_softmax_v1_history
2025-02-27,TSM,85442,HOLD,,0.1,0.1,0.0,0.8,0.2,False,exit_or_trend_veto_block,3,4,0.0,0.0,48,rule100_softmax_v1_history
2025-02-28,AMZN,84788,HOLD,,0.1,0.1,0.1,0.8,0.2,True,eligible_buy_or_hold,3,4,1.0,0.25,53,rule100_softmax_v1_history
2025-02-28,TSLA,93436,HOLD,,0.1,0.1,0.1,0.8,0.2,True,eligible_buy_or_hold,3,4,1.0,0.25,25,rule100_softmax_v1_history
2025-02-28,TSM,85442,EXIT,SELL,0.0,0.0,0.0,0.8,0.2,False,flat_after_sell,3,4,0.0,,49,rule100_softmax_v1_history
2025-03-03,AMZN,84788,HOLD,,0.1,0.1,0.1,0.8,0.2,True,eligible_buy_or_hold,3,4,1.0,0.25,56,rule100_softmax_v1_history
2025-03-03,TSLA,93436,HOLD,,0.1,0.1,0.1,0.8,0.2,True,eligible_buy_or_hold,3,4,1.0,0.25,28,rule100_softmax_v1_history
2025-03-04,AMZN,84788,HOLD,,0.1,0.1,0.1,0.8,0.2,True,eligible_buy_or_hold,3,4,1.0,0.25,57,rule100_softmax_v1_history
2025-03-04,TSLA,93436,HOLD,,0.1,0.1,0.1,0.8,0.2,True,eligible_buy_or_hold,3,4,1.0,0.25,29,rule100_softmax_v1_history
2025-03-05,AMZN,84788,HOLD,,0.1,0.1,0.1,0.8,0.2,True,eligible_buy_or_hold,3,4,1.0,0.25,58,rule100_softmax_v1_history
2025-03-05,TSLA,93436,HOLD,,0.1,0.1,0.1,0.8,0.2,True,eligible_buy_or_hold,3,4,1.0,0.25,30,rule100_softmax_v1_history
2025-03-06,AMZN,84788,HOLD,,0.1,0.1,0.1,0.9,0.1,True,eligible_buy_or_hold,3,4,1.0,0.25,59,rule100_softmax_v1_history
2025-03-06,TSLA,93436,HOLD,,0.1,0.1,0.0,0.9,0.1,False,exit_or_trend_veto_block,3,4,0.0,0.0,31,rule100_softmax_v1_history
2025-03-07,AMZN,84788,HOLD,,0.1,0.1,0.0,1.0,0.0,False,exit_or_trend_veto_block,3,4,0.0,0.0,60,rule100_softmax_v1_history
2025-03-07,TSLA,93436,EXIT,SELL,0.0,0.0,0.0,1.0,0.0,False,flat_after_sell,3,4,0.0,,32,rule100_softmax_v1_history
2025-03-10,AMZN,84788,EXIT,SELL,0.0,0.0,0.0,1.0,0.0,False,flat_after_event,3,4,0.0,,63,rule100_softmax_v1_history
2025-03-26,AMZN,84788,BUY,BUY,0.1,0.1,0.1,0.9,0.1,True,eligible_buy_or_hold,3,4,1.0,0.25,0,rule100_softmax_v1_history
2025-03-27,AMZN,84788,HOLD,,0.1,0.1,0.1,0.9,0.1,True,eligible_buy_or_hold,3,4,1.0,0.25,1,rule100_softmax_v1_history
2025-03-28,AMZN,84788,HOLD,,0.1,0.1,0.0,1.0,0.0,False,exit_or_trend_veto_block,3,4,0.0,0.0,2,rule100_softmax_v1_history
2025-03-31,AMZN,84788,HOLD,,0.1,0.1,0.0,1.0,0.0,False,exit_or_trend_veto_block,3,4,0.0,0.0,5,rule100_softmax_v1_history
2025-04-01,AMZN,84788,HOLD,,0.1,0.1,0.0,1.0,0.0,False,exit_or_trend_veto_block,3,4,0.0,0.0,6,rule100_softmax_v1_history
2025-04-02,AMZN,84788,HOLD,,0.1,0.1,0.0,1.0,0.0,False,exit_or_trend_veto_block,3,4,0.0,0.0,7,rule100_softmax_v1_history
2025-04-03,AMZN,84788,HOLD,,0.1,0.1,0.0,1.0,0.0,False,exit_or_trend_veto_block,3,4,0.0,0.0,8,rule100_softmax_v1_history
2025-04-04,AMZN,84788,HOLD,,0.1,0.1,0.0,1.0,0.0,False,exit_or_trend_veto_block,3,4,0.0,0.0,9,rule100_softmax_v1_history
2025-04-07,AMZN,84788,HOLD,,0.1,0.1,0.0,1.0,0.0,False,exit_or_trend_veto_block,3,4,0.0,0.0,12,rule100_softmax_v1_history
2025-04-08,AMZN,84788,HOLD,,0.1,0.1,0.0,1.0,0.0,False,exit_or_trend_veto_block,3,4,0.0,0.0,13,rule100_softmax_v1_history
2025-04-09,AMZN,84788,HOLD,,0.1,0.1,0.0,1.0,0.0,False,exit_or_trend_veto_block,3,4,0.0,0.0,14,rule100_softmax_v1_history
2025-04-10,AMZN,84788,HOLD,,0.1,0.1,0.0,1.0,0.0,False,exit_or_trend_veto_block,3,4,0.0,0.0,15,rule100_softmax_v1_history
2025-04-11,AMZN,84788,HOLD,,0.1,0.1,0.0,1.0,0.0,False,exit_or_trend_veto_block,3,4,0.0,0.0,16,rule100_softmax_v1_history
2025-04-14,AMZN,84788,HOLD,,0.1,0.1,0.0,1.0,0.0,False,exit_or_trend_veto_block,3,4,0.0,0.0,19,rule100_softmax_v1_history
2025-04-15,AMZN,84788,EXIT,SELL,0.0,0.0,0.0,1.0,0.0,False,flat_after_event,3,4,0.0,,20,rule100_softmax_v1_history
2025-05-27,MSFT,10107,BUY,BUY,0.1,0.1,0.1,0.9,0.1,True,eligible_buy_or_hold,3,4,1.0,0.25,0,rule100_softmax_v1_history
2025-05-28,MSFT,10107,HOLD,,0.1,0.1,0.1,0.9,0.1,True,eligible_buy_or_hold,3,4,1.0,0.25,1,rule100_softmax_v1_history
2025-05-29,MSFT,10107,HOLD,,0.1,0.1,0.1,0.9,0.1,True,eligible_buy_or_hold,3,4,1.0,0.25,2,rule100_softmax_v1_history
2025-05-30,MSFT,10107,HOLD,,0.1,0.1,0.1,0.9,0.1,True,eligible_buy_or_hold,3,4,1.0,0.25,3,rule100_softmax_v1_history
2025-06-02,LRCX,48486,BUY,BUY,0.1,0.1,0.1,0.8,0.2,True,eligible_buy_or_hold,3,4,1.0,0.25,0,rule100_softmax_v1_history
2025-06-02,MSFT,10107,HOLD,,0.1,0.1,0.1,0.8,0.2,True,eligible_buy_or_hold,3,4,1.0,0.25,6,rule100_softmax_v1_history
2025-06-03,LRCX,48486,HOLD,,0.1,0.1,0.1,0.7,0.30000000000000004,True,eligible_buy_or_hold,3,4,1.0,0.25,1,rule100_softmax_v1_history
2025-06-03,MSFT,10107,HOLD,,0.1,0.1,0.1,0.7,0.30000000000000004,True,eligible_buy_or_hold,3,4,1.0,0.25,7,rule100_softmax_v1_history
2025-06-03,TSM,85442,BUY,BUY,0.1,0.1,0.1,0.7,0.30000000000000004,True,eligible_buy_or_hold,3,4,1.0,0.25,0,rule100_softmax_v1_history
2025-06-04,LRCX,48486,HOLD,,0.1,0.1,0.1,0.7,0.30000000000000004,True,eligible_buy_or_hold,3,4,1.0,0.25,2,rule100_softmax_v1_history
2025-06-04,MSFT,10107,HOLD,,0.1,0.1,0.1,0.7,0.30000000000000004,True,eligible_buy_or_hold,3,4,1.0,0.25,8,rule100_softmax_v1_history
2025-06-04,TSM,85442,HOLD,,0.1,0.1,0.1,0.7,0.30000000000000004,True,eligible_buy_or_hold,3,4,1.0,0.25,1,rule100_softmax_v1_history
2025-06-05,LRCX,48486,HOLD,,0.1,0.1,0.1,0.7,0.30000000000000004,True,eligible_buy_or_hold,3,4,1.0,0.25,3,rule100_softmax_v1_history
2025-06-05,MSFT,10107,HOLD,,0.1,0.1,0.1,0.7,0.30000000000000004,True,eligible_buy_or_hold,3,4,1.0,0.25,9,rule100_softmax_v1_history
2025-06-05,TSM,85442,HOLD,,0.1,0.1,0.1,0.7,0.30000000000000004,True,eligible_buy_or_hold,3,4,1.0,0.25,2,rule100_softmax_v1_history
2025-06-06,LRCX,48486,HOLD,,0.1,0.1,0.1,0.7,0.30000000000000004,True,eligible_buy_or_hold,3,4,1.0,0.25,4,rule100_softmax_v1_history
2025-06-06,MSFT,10107,HOLD,,0.1,0.1,0.1,0.7,0.30000000000000004,True,eligible_buy_or_hold,3,4,1.0,0.25,10,rule100_softmax_v1_history
2025-06-06,TSM,85442,HOLD,,0.1,0.1,0.1,0.7,0.30000000000000004,True,eligible_buy_or_hold,3,4,1.0,0.25,3,rule100_softmax_v1_history
2025-06-09,LRCX,48486,HOLD,,0.1,0.1,0.1,0.7,0.30000000000000004,True,eligible_buy_or_hold,3,4,1.0,0.25,7,rule100_softmax_v1_history
2025-06-09,MSFT,10107,HOLD,,0.1,0.1,0.1,0.7,0.30000000000000004,True,eligible_buy_or_hold,3,4,1.0,0.25,13,rule100_softmax_v1_history
2025-06-09,TSM,85442,HOLD,,0.1,0.1,0.1,0.7,0.30000000000000004,True,eligible_buy_or_hold,3,4,1.0,0.25,6,rule100_softmax_v1_history
2025-06-10,LRCX,48486,HOLD,,0.1,0.1,0.1,0.7,0.30000000000000004,True,eligible_buy_or_hold,3,4,1.0,0.25,8,rule100_softmax_v1_history
2025-06-10,MSFT,10107,HOLD,,0.1,0.1,0.1,0.7,0.30000000000000004,True,eligible_buy_or_hold,3,4,1.0,0.25,14,rule100_softmax_v1_history
2025-06-10,TSM,85442,HOLD,,0.1,0.1,0.1,0.7,0.30000000000000004,True,eligible_buy_or_hold,3,4,1.0,0.25,7,rule100_softmax_v1_history
2025-06-11,LRCX,48486,HOLD,,0.1,0.1,0.1,0.7,0.30000000000000004,True,eligible_buy_or_hold,3,4,1.0,0.25,9,rule100_softmax_v1_history
2025-06-11,MSFT,10107,HOLD,,0.1,0.1,0.1,0.7,0.30000000000000004,True,eligible_buy_or_hold,3,4,1.0,0.25,15,rule100_softmax_v1_history
2025-06-11,TSM,85442,HOLD,,0.1,0.1,0.1,0.7,0.30000000000000004,True,eligible_buy_or_hold,3,4,1.0,0.25,8,rule100_softmax_v1_history
2025-06-12,LRCX,48486,HOLD,,0.1,0.1,0.1,0.7,0.30000000000000004,True,eligible_buy_or_hold,3,4,1.0,0.25,10,rule100_softmax_v1_history
2025-06-12,MSFT,10107,HOLD,,0.1,0.1,0.1,0.7,0.30000000000000004,True,eligible_buy_or_hold,3,4,1.0,0.25,16,rule100_softmax_v1_history
2025-06-12,TSM,85442,HOLD,,0.1,0.1,0.1,0.7,0.30000000000000004,True,eligible_buy_or_hold,3,4,1.0,0.25,9,rule100_softmax_v1_history
2025-06-13,LRCX,48486,HOLD,,0.1,0.1,0.1,0.7,0.30000000000000004,True,eligible_buy_or_hold,3,4,1.0,0.25,11,rule100_softmax_v1_history
2025-06-13,MSFT,10107,HOLD,,0.1,0.1,0.1,0.7,0.30000000000000004,True,eligible_buy_or_hold,3,4,1.0,0.25,17,rule100_softmax_v1_history
2025-06-13,TSM,85442,HOLD,,0.1,0.1,0.1,0.7,0.30000000000000004,True,eligible_buy_or_hold,3,4,1.0,0.25,10,rule100_softmax_v1_history
2025-06-16,LRCX,48486,HOLD,,0.1,0.1,0.1,0.7,0.30000000000000004,True,eligible_buy_or_hold,3,4,1.0,0.25,14,rule100_softmax_v1_history
2025-06-16,MSFT,10107,HOLD,,0.1,0.1,0.1,0.7,0.30000000000000004,True,eligible_buy_or_hold,3,4,1.0,0.25,20,rule100_softmax_v1_history
2025-06-16,TSM,85442,HOLD,,0.1,0.1,0.1,0.7,0.30000000000000004,True,eligible_buy_or_hold,3,4,1.0,0.25,13,rule100_softmax_v1_history
2025-06-17,LRCX,48486,HOLD,,0.1,0.1,0.1,0.7,0.30000000000000004,True,eligible_buy_or_hold,3,4,1.0,0.25,15,rule100_softmax_v1_history
2025-06-17,MSFT,10107,HOLD,,0.1,0.1,0.1,0.7,0.30000000000000004,True,eligible_buy_or_hold,3,4,1.0,0.25,21,rule100_softmax_v1_history
2025-06-17,TSM,85442,HOLD,,0.1,0.1,0.1,0.7,0.30000000000000004,True,eligible_buy_or_hold,3,4,1.0,0.25,14,rule100_softmax_v1_history
2025-06-18,LRCX,48486,HOLD,,0.1,0.1,0.1,0.7,0.30000000000000004,True,eligible_buy_or_hold,3,4,1.0,0.25,16,rule100_softmax_v1_history
2025-06-18,MSFT,10107,HOLD,,0.1,0.1,0.1,0.7,0.30000000000000004,True,eligible_buy_or_hold,3,4,1.0,0.25,22,rule100_softmax_v1_history
2025-06-18,TSM,85442,HOLD,,0.1,0.1,0.1,0.7,0.30000000000000004,True,eligible_buy_or_hold,3,4,1.0,0.25,15,rule100_softmax_v1_history
2025-06-20,LRCX,48486,HOLD,,0.1,0.1,0.1,0.7,0.30000000000000004,True,eligible_buy_or_hold,3,4,1.0,0.25,18,rule100_softmax_v1_history
2025-06-20,MSFT,10107,HOLD,,0.1,0.1,0.1,0.7,0.30000000000000004,True,eligible_buy_or_hold,3,4,1.0,0.25,24,rule100_softmax_v1_history
2025-06-20,TSM,85442,HOLD,,0.1,0.1,0.1,0.7,0.30000000000000004,True,eligible_buy_or_hold,3,4,1.0,0.25,17,rule100_softmax_v1_history
2025-06-23,LRCX,48486,HOLD,,0.1,0.1,0.1,0.7,0.30000000000000004,True,eligible_buy_or_hold,3,4,1.0,0.25,21,rule100_softmax_v1_history
2025-06-23,MSFT,10107,HOLD,,0.1,0.1,0.1,0.7,0.30000000000000004,True,eligible_buy_or_hold,3,4,1.0,0.25,27,rule100_softmax_v1_history
2025-06-23,TSM,85442,HOLD,,0.1,0.1,0.1,0.7,0.30000000000000004,True,eligible_buy_or_hold,3,4,1.0,0.25,20,rule100_softmax_v1_history
2025-06-24,LRCX,48486,HOLD,,0.1,0.1,0.1,0.7,0.30000000000000004,True,eligible_buy_or_hold,3,4,1.0,0.25,22,rule100_softmax_v1_history
2025-06-24,MSFT,10107,HOLD,,0.1,0.1,0.1,0.7,0.30000000000000004,True,eligible_buy_or_hold,3,4,1.0,0.25,28,rule100_softmax_v1_history
2025-06-24,TSM,85442,HOLD,,0.1,0.1,0.1,0.7,0.30000000000000004,True,eligible_buy_or_hold,3,4,1.0,0.25,21,rule100_softmax_v1_history
2025-06-25,LRCX,48486,HOLD,,0.1,0.1,0.1,0.7,0.30000000000000004,True,eligible_buy_or_hold,3,4,1.0,0.25,23,rule100_softmax_v1_history
2025-06-25,MSFT,10107,HOLD,,0.1,0.1,0.1,0.7,0.30000000000000004,True,eligible_buy_or_hold,3,4,1.0,0.25,29,rule100_softmax_v1_history
2025-06-25,TSM,85442,HOLD,,0.1,0.1,0.1,0.7,0.30000000000000004,True,eligible_buy_or_hold,3,4,1.0,0.25,22,rule100_softmax_v1_history
2025-06-26,LRCX,48486,HOLD,,0.1,0.1,0.1,0.7,0.30000000000000004,True,eligible_buy_or_hold,3,4,1.0,0.25,24,rule100_softmax_v1_history
2025-06-26,MSFT,10107,HOLD,,0.1,0.1,0.1,0.7,0.30000000000000004,True,eligible_buy_or_hold,3,4,1.0,0.25,30,rule100_softmax_v1_history
2025-06-26,TSM,85442,HOLD,,0.1,0.1,0.1,0.7,0.30000000000000004,True,eligible_buy_or_hold,3,4,1.0,0.25,23,rule100_softmax_v1_history
2025-06-27,LRCX,48486,HOLD,,0.1,0.1,0.1,0.7,0.30000000000000004,True,eligible_buy_or_hold,3,4,1.0,0.25,25,rule100_softmax_v1_history
2025-06-27,MSFT,10107,HOLD,,0.1,0.1,0.1,0.7,0.30000000000000004,True,eligible_buy_or_hold,3,4,1.0,0.25,31,rule100_softmax_v1_history
2025-06-27,TSM,85442,HOLD,,0.1,0.1,0.1,0.7,0.30000000000000004,True,eligible_buy_or_hold,3,4,1.0,0.25,24,rule100_softmax_v1_history
2025-06-30,LRCX,48486,HOLD,,0.1,0.1,0.1,0.7,0.30000000000000004,True,eligible_buy_or_hold,3,4,1.0,0.25,28,rule100_softmax_v1_history
2025-06-30,MSFT,10107,HOLD,,0.1,0.1,0.1,0.7,0.30000000000000004,True,eligible_buy_or_hold,3,4,1.0,0.25,34,rule100_softmax_v1_history
2025-06-30,TSM,85442,HOLD,,0.1,0.1,0.1,0.7,0.30000000000000004,True,eligible_buy_or_hold,3,4,1.0,0.25,27,rule100_softmax_v1_history
2025-07-01,LRCX,48486,HOLD,,0.1,0.1,0.1,0.7,0.30000000000000004,True,eligible_buy_or_hold,3,4,1.0,0.25,29,rule100_softmax_v1_history
2025-07-01,MSFT,10107,HOLD,,0.1,0.1,0.1,0.7,0.30000000000000004,True,eligible_buy_or_hold,3,4,1.0,0.25,35,rule100_softmax_v1_history
2025-07-01,TSM,85442,HOLD,,0.1,0.1,0.1,0.7,0.30000000000000004,True,eligible_buy_or_hold,3,4,1.0,0.25,28,rule100_softmax_v1_history
2025-07-02,LRCX,48486,HOLD,,0.1,0.1,0.1,0.7,0.30000000000000004,True,eligible_buy_or_hold,3,4,1.0,0.25,30,rule100_softmax_v1_history
2025-07-02,MSFT,10107,HOLD,,0.1,0.1,0.1,0.7,0.30000000000000004,True,eligible_buy_or_hold,3,4,1.0,0.25,36,rule100_softmax_v1_history
2025-07-02,TSM,85442,HOLD,,0.1,0.1,0.1,0.7,0.30000000000000004,True,eligible_buy_or_hold,3,4,1.0,0.25,29,rule100_softmax_v1_history
2025-07-03,LRCX,48486,HOLD,,0.1,0.1,0.1,0.6,0.4,True,eligible_buy_or_hold,3,4,1.0,0.25,31,rule100_softmax_v1_history
2025-07-03,MSFT,10107,HOLD,,0.1,0.1,0.1,0.6,0.4,True,eligible_buy_or_hold,3,4,1.0,0.25,37,rule100_softmax_v1_history
2025-07-03,MU,53613,BUY,BUY,0.1,0.1,0.1,0.6,0.4,True,eligible_buy_or_hold,3,4,1.0,0.25,0,rule100_softmax_v1_history
2025-07-03,TSM,85442,HOLD,,0.1,0.1,0.1,0.6,0.4,True,eligible_buy_or_hold,3,4,1.0,0.25,30,rule100_softmax_v1_history
2025-07-07,LRCX,48486,HOLD,,0.1,0.1,0.1,0.6,0.4,True,eligible_buy_or_hold,3,4,1.0,0.25,35,rule100_softmax_v1_history
2025-07-07,MSFT,10107,HOLD,,0.1,0.1,0.1,0.6,0.4,True,eligible_buy_or_hold,3,4,1.0,0.25,41,rule100_softmax_v1_history
2025-07-07,MU,53613,HOLD,,0.1,0.1,0.1,0.6,0.4,True,eligible_buy_or_hold,3,4,1.0,0.25,4,rule100_softmax_v1_history
2025-07-07,TSM,85442,HOLD,,0.1,0.1,0.1,0.6,0.4,True,eligible_buy_or_hold,3,4,1.0,0.25,34,rule100_softmax_v1_history
2025-07-08,LRCX,48486,HOLD,,0.1,0.1,0.1,0.6,0.4,True,eligible_buy_or_hold,3,4,1.0,0.25,36,rule100_softmax_v1_history
2025-07-08,MSFT,10107,HOLD,,0.1,0.1,0.1,0.6,0.4,True,eligible_buy_or_hold,3,4,1.0,0.25,42,rule100_softmax_v1_history
2025-07-08,MU,53613,HOLD,,0.1,0.1,0.1,0.6,0.4,True,eligible_buy_or_hold,3,4,1.0,0.25,5,rule100_softmax_v1_history
2025-07-08,TSM,85442,HOLD,,0.1,0.1,0.1,0.6,0.4,True,eligible_buy_or_hold,3,4,1.0,0.25,35,rule100_softmax_v1_history
2025-07-09,LRCX,48486,HOLD,,0.1,0.1,0.1,0.6,0.4,True,eligible_buy_or_hold,3,4,1.0,0.25,37,rule100_softmax_v1_history
2025-07-09,MSFT,10107,HOLD,,0.1,0.1,0.1,0.6,0.4,True,eligible_buy_or_hold,3,4,1.0,0.25,43,rule100_softmax_v1_history
2025-07-09,MU,53613,HOLD,,0.1,0.1,0.1,0.6,0.4,True,eligible_buy_or_hold,3,4,1.0,0.25,6,rule100_softmax_v1_history
2025-07-09,TSM,85442,HOLD,,0.1,0.1,0.1,0.6,0.4,True,eligible_buy_or_hold,3,4,1.0,0.25,36,rule100_softmax_v1_history
2025-07-10,LRCX,48486,HOLD,,0.1,0.1,0.1,0.6,0.4,True,eligible_buy_or_hold,3,4,1.0,0.25,38,rule100_softmax_v1_history
2025-07-10,MSFT,10107,HOLD,,0.1,0.1,0.1,0.6,0.4,True,eligible_buy_or_hold,3,4,1.0,0.25,44,rule100_softmax_v1_history
2025-07-10,MU,53613,HOLD,,0.1,0.1,0.1,0.6,0.4,True,eligible_buy_or_hold,3,4,1.0,0.25,7,rule100_softmax_v1_history
2025-07-10,TSM,85442,HOLD,,0.1,0.1,0.1,0.6,0.4,True,eligible_buy_or_hold,3,4,1.0,0.25,37,rule100_softmax_v1_history
2025-07-11,LRCX,48486,HOLD,,0.1,0.1,0.1,0.6,0.4,True,eligible_buy_or_hold,3,4,1.0,0.25,39,rule100_softmax_v1_history
2025-07-11,MSFT,10107,HOLD,,0.1,0.1,0.1,0.6,0.4,True,eligible_buy_or_hold,3,4,1.0,0.25,45,rule100_softmax_v1_history
2025-07-11,MU,53613,HOLD,,0.1,0.1,0.1,0.6,0.4,True,eligible_buy_or_hold,3,4,1.0,0.25,8,rule100_softmax_v1_history
2025-07-11,TSM,85442,HOLD,,0.1,0.1,0.1,0.6,0.4,True,eligible_buy_or_hold,3,4,1.0,0.25,38,rule100_softmax_v1_history
2025-07-14,LRCX,48486,HOLD,,0.1,0.1,0.1,0.6,0.4,True,eligible_buy_or_hold,3,4,1.0,0.25,42,rule100_softmax_v1_history
2025-07-14,MSFT,10107,HOLD,,0.1,0.1,0.1,0.6,0.4,True,eligible_buy_or_hold,3,4,1.0,0.25,48,rule100_softmax_v1_history
2025-07-14,MU,53613,HOLD,,0.1,0.1,0.1,0.6,0.4,True,eligible_buy_or_hold,3,4,1.0,0.25,11,rule100_softmax_v1_history
2025-07-14,TSM,85442,HOLD,,0.1,0.1,0.1,0.6,0.4,True,eligible_buy_or_hold,3,4,1.0,0.25,41,rule100_softmax_v1_history
2025-07-15,LRCX,48486,HOLD,,0.1,0.1,0.1,0.6,0.4,True,eligible_buy_or_hold,3,4,1.0,0.25,43,rule100_softmax_v1_history
2025-07-15,MSFT,10107,HOLD,,0.1,0.1,0.1,0.6,0.4,True,eligible_buy_or_hold,3,4,1.0,0.25,49,rule100_softmax_v1_history
2025-07-15,MU,53613,HOLD,,0.1,0.1,0.1,0.6,0.4,True,eligible_buy_or_hold,3,4,1.0,0.25,12,rule100_softmax_v1_history
2025-07-15,TSM,85442,HOLD,,0.1,0.1,0.1,0.6,0.4,True,eligible_buy_or_hold,2,4,1.0,0.25,42,rule100_softmax_v1_history
2025-07-16,LRCX,48486,HOLD,,0.1,0.1,0.1,0.6,0.4,True,eligible_buy_or_hold,3,4,1.0,0.25,44,rule100_softmax_v1_history
2025-07-16,MSFT,10107,HOLD,,0.1,0.1,0.1,0.6,0.4,True,eligible_buy_or_hold,3,4,1.0,0.25,50,rule100_softmax_v1_history
2025-07-16,MU,53613,HOLD,,0.1,0.1,0.1,0.6,0.4,True,eligible_buy_or_hold,3,4,1.0,0.25,13,rule100_softmax_v1_history
2025-07-16,TSM,85442,HOLD,,0.1,0.1,0.1,0.6,0.4,True,eligible_buy_or_hold,3,4,1.0,0.25,43,rule100_softmax_v1_history
2025-07-17,LRCX,48486,HOLD,,0.1,0.1,0.1,0.7,0.30000000000000004,True,eligible_buy_or_hold,3,4,1.0,0.25,45,rule100_softmax_v1_history
2025-07-17,MSFT,10107,HOLD,,0.1,0.1,0.1,0.7,0.30000000000000004,True,eligible_buy_or_hold,3,4,1.0,0.25,51,rule100_softmax_v1_history
2025-07-17,MU,53613,HOLD,,0.1,0.1,0.1,0.7,0.30000000000000004,True,eligible_buy_or_hold,3,4,1.0,0.25,14,rule100_softmax_v1_history
2025-07-17,TSM,85442,TIGHTEN,,0.1,0.1,0.0,0.7,0.30000000000000004,False,tighten_below_hold_threshold,0,1,0.0,0.0,44,rule100_softmax_v1_history
2025-07-18,AMAT,14702,BUY,BUY,0.1,0.1,0.1,0.5,0.5,True,eligible_buy_or_hold,3,4,1.0,0.25,0,rule100_softmax_v1_history
2025-07-18,LRCX,48486,HOLD,,0.1,0.1,0.1,0.5,0.5,True,eligible_buy_or_hold,3,4,1.0,0.25,46,rule100_softmax_v1_history
2025-07-18,MSFT,10107,HOLD,,0.1,0.1,0.1,0.5,0.5,True,eligible_buy_or_hold,3,4,1.0,0.25,52,rule100_softmax_v1_history
2025-07-18,MU,53613,HOLD,,0.1,0.1,0.1,0.5,0.5,True,eligible_buy_or_hold,3,4,1.0,0.25,15,rule100_softmax_v1_history
2025-07-18,TSM,85442,HOLD,,0.1,0.1,0.1,0.5,0.5,True,eligible_buy_or_hold,2,4,1.0,0.25,45,rule100_softmax_v1_history
2025-07-21,AMAT,14702,HOLD,,0.1,0.1,0.1,0.5,0.5,True,eligible_buy_or_hold,3,4,1.0,0.25,3,rule100_softmax_v1_history
2025-07-21,LRCX,48486,HOLD,,0.1,0.1,0.1,0.5,0.5,True,eligible_buy_or_hold,3,4,1.0,0.25,49,rule100_softmax_v1_history
2025-07-21,MSFT,10107,HOLD,,0.1,0.1,0.1,0.5,0.5,True,eligible_buy_or_hold,3,4,1.0,0.25,55,rule100_softmax_v1_history
2025-07-21,MU,53613,HOLD,,0.1,0.1,0.1,0.5,0.5,True,eligible_buy_or_hold,3,4,1.0,0.25,18,rule100_softmax_v1_history
2025-07-21,TSM,85442,HOLD,,0.1,0.1,0.1,0.5,0.5,True,eligible_buy_or_hold,2,4,1.0,0.25,48,rule100_softmax_v1_history
2025-07-22,AMAT,14702,HOLD,,0.1,0.1,0.1,0.5,0.5,True,eligible_buy_or_hold,3,4,1.0,0.25,4,rule100_softmax_v1_history
2025-07-22,LRCX,48486,HOLD,,0.1,0.1,0.1,0.5,0.5,True,eligible_buy_or_hold,3,4,1.0,0.25,50,rule100_softmax_v1_history
2025-07-22,MSFT,10107,HOLD,,0.1,0.1,0.1,0.5,0.5,True,eligible_buy_or_hold,3,4,1.0,0.25,56,rule100_softmax_v1_history
2025-07-22,MU,53613,HOLD,,0.1,0.1,0.1,0.5,0.5,True,eligible_buy_or_hold,3,4,1.0,0.25,19,rule100_softmax_v1_history
2025-07-22,TSM,85442,HOLD,,0.1,0.1,0.1,0.5,0.5,True,eligible_buy_or_hold,2,4,1.0,0.25,49,rule100_softmax_v1_history
2025-07-23,AMAT,14702,HOLD,,0.1,0.1,0.1,0.5,0.5,True,eligible_buy_or_hold,3,4,1.0,0.25,5,rule100_softmax_v1_history
2025-07-23,LRCX,48486,HOLD,,0.1,0.1,0.1,0.5,0.5,True,eligible_buy_or_hold,3,4,1.0,0.25,51,rule100_softmax_v1_history
2025-07-23,MSFT,10107,HOLD,,0.1,0.1,0.1,0.5,0.5,True,eligible_buy_or_hold,3,4,1.0,0.25,57,rule100_softmax_v1_history
2025-07-23,MU,53613,HOLD,,0.1,0.1,0.1,0.5,0.5,True,eligible_buy_or_hold,3,4,1.0,0.25,20,rule100_softmax_v1_history
2025-07-23,TSM,85442,HOLD,,0.1,0.1,0.1,0.5,0.5,True,eligible_buy_or_hold,2,4,1.0,0.25,50,rule100_softmax_v1_history
2025-07-24,AMAT,14702,HOLD,,0.1,0.1,0.1,0.5,0.5,True,eligible_buy_or_hold,3,4,1.0,0.25,6,rule100_softmax_v1_history
2025-07-24,LRCX,48486,HOLD,,0.1,0.1,0.1,0.5,0.5,True,eligible_buy_or_hold,3,4,1.0,0.25,52,rule100_softmax_v1_history
2025-07-24,MSFT,10107,HOLD,,0.1,0.1,0.1,0.5,0.5,True,eligible_buy_or_hold,3,4,1.0,0.25,58,rule100_softmax_v1_history
2025-07-24,MU,53613,HOLD,,0.1,0.1,0.1,0.5,0.5,True,eligible_buy_or_hold,3,4,1.0,0.25,21,rule100_softmax_v1_history
2025-07-24,TSM,85442,HOLD,,0.1,0.1,0.1,0.5,0.5,True,eligible_buy_or_hold,2,4,1.0,0.25,51,rule100_softmax_v1_history
2025-07-25,AMAT,14702,HOLD,,0.1,0.1,0.1,0.5,0.5,True,eligible_buy_or_hold,3,4,1.0,0.25,7,rule100_softmax_v1_history
2025-07-25,LRCX,48486,HOLD,,0.1,0.1,0.1,0.5,0.5,True,eligible_buy_or_hold,3,4,1.0,0.25,53,rule100_softmax_v1_history
2025-07-25,MSFT,10107,HOLD,,0.1,0.1,0.1,0.5,0.5,True,eligible_buy_or_hold,3,4,1.0,0.25,59,rule100_softmax_v1_history
2025-07-25,MU,53613,HOLD,,0.1,0.1,0.1,0.5,0.5,True,eligible_buy_or_hold,3,4,1.0,0.25,22,rule100_softmax_v1_history
2025-07-25,TSM,85442,HOLD,,0.1,0.1,0.1,0.5,0.5,True,eligible_buy_or_hold,2,4,1.0,0.25,52,rule100_softmax_v1_history
2025-07-28,AMAT,14702,HOLD,,0.1,0.1,0.1,0.5,0.5,True,eligible_buy_or_hold,3,4,1.0,0.25,10,rule100_softmax_v1_history
2025-07-28,LRCX,48486,HOLD,,0.1,0.1,0.1,0.5,0.5,True,eligible_buy_or_hold,3,4,1.0,0.25,56,rule100_softmax_v1_history
2025-07-28,MSFT,10107,HOLD,,0.1,0.1,0.1,0.5,0.5,True,eligible_buy_or_hold,3,4,1.0,0.25,62,rule100_softmax_v1_history
2025-07-28,MU,53613,HOLD,,0.1,0.1,0.1,0.5,0.5,True,eligible_buy_or_hold,2,4,1.0,0.25,25,rule100_softmax_v1_history
2025-07-28,TSM,85442,HOLD,,0.1,0.1,0.1,0.5,0.5,True,eligible_buy_or_hold,2,4,1.0,0.25,55,rule100_softmax_v1_history
2025-07-29,AMAT,14702,HOLD,,0.1,0.1,0.1,0.5,0.5,True,eligible_buy_or_hold,2,4,1.0,0.25,11,rule100_softmax_v1_history
2025-07-29,LRCX,48486,HOLD,,0.1,0.1,0.1,0.5,0.5,True,eligible_buy_or_hold,3,4,1.0,0.25,57,rule100_softmax_v1_history
2025-07-29,MSFT,10107,HOLD,,0.1,0.1,0.1,0.5,0.5,True,eligible_buy_or_hold,3,4,1.0,0.25,63,rule100_softmax_v1_history
2025-07-29,MU,53613,HOLD,,0.1,0.1,0.1,0.5,0.5,True,eligible_buy_or_hold,2,4,1.0,0.25,26,rule100_softmax_v1_history
2025-07-29,TSM,85442,HOLD,,0.1,0.1,0.1,0.5,0.5,True,eligible_buy_or_hold,2,4,1.0,0.25,56,rule100_softmax_v1_history
2025-07-30,AMAT,14702,HOLD,,0.1,0.1,0.1,0.7,0.30000000000000004,True,eligible_buy_or_hold,3,4,1.0,0.25,12,rule100_softmax_v1_history
2025-07-30,LRCX,48486,TIGHTEN,,0.1,0.1,0.0,0.7,0.30000000000000004,False,tighten_below_hold_threshold,0,1,1.0,0.25,58,rule100_softmax_v1_history
2025-07-30,MSFT,10107,TIGHTEN,,0.1,0.1,0.0,0.7,0.30000000000000004,False,tighten_below_hold_threshold,0,1,0.6995800000000001,0.17489500000000002,64,rule100_softmax_v1_history
2025-07-30,MU,53613,HOLD,,0.1,0.1,0.1,0.7,0.30000000000000004,True,eligible_buy_or_hold,3,4,1.0,0.25,27,rule100_softmax_v1_history
2025-07-30,TSM,85442,HOLD,,0.1,0.1,0.1,0.7,0.30000000000000004,True,eligible_buy_or_hold,2,4,1.0,0.25,57,rule100_softmax_v1_history
2025-07-31,AMAT,14702,HOLD,,0.1,0.1,0.1,0.6,0.4,True,eligible_buy_or_hold,2,4,1.0,0.25,13,rule100_softmax_v1_history
2025-07-31,LRCX,48486,HOLD,,0.1,0.1,0.1,0.6,0.4,True,eligible_buy_or_hold,3,4,1.0,0.25,59,rule100_softmax_v1_history
2025-07-31,MSFT,10107,TIGHTEN,,0.1,0.1,0.0,0.6,0.4,False,tighten_below_hold_threshold,1,4,0.0,0.0,65,rule100_softmax_v1_history
2025-07-31,MU,53613,HOLD,,0.1,0.1,0.1,0.6,0.4,True,eligible_buy_or_hold,2,4,1.0,0.25,28,rule100_softmax_v1_history
2025-07-31,TSM,85442,HOLD,,0.1,0.1,0.1,0.6,0.4,True,eligible_buy_or_hold,2,4,1.0,0.25,58,rule100_softmax_v1_history
2025-08-01,AMAT,14702,HOLD,,0.1,0.1,0.1,0.6,0.4,True,eligible_buy_or_hold,2,4,1.0,0.25,14,rule100_softmax_v1_history
2025-08-01,LRCX,48486,HOLD,,0.1,0.1,0.1,0.6,0.4,True,eligible_buy_or_hold,3,4,1.0,0.25,60,rule100_softmax_v1_history
2025-08-01,MSFT,10107,TIGHTEN,,0.1,0.1,0.0,0.6,0.4,False,tighten_below_hold_threshold,1,4,0.40744,0.10186,66,rule100_softmax_v1_history
2025-08-01,MU,53613,HOLD,,0.1,0.1,0.1,0.6,0.4,True,eligible_buy_or_hold,2,4,1.0,0.25,29,rule100_softmax_v1_history
2025-08-01,TSM,85442,HOLD,,0.1,0.1,0.1,0.6,0.4,True,eligible_buy_or_hold,2,4,1.0,0.25,59,rule100_softmax_v1_history
2025-08-04,AMAT,14702,HOLD,,0.1,0.1,0.1,0.6,0.4,True,eligible_buy_or_hold,2,4,1.0,0.25,17,rule100_softmax_v1_history
2025-08-04,LRCX,48486,HOLD,,0.1,0.1,0.1,0.6,0.4,True,eligible_buy_or_hold,3,4,1.0,0.25,63,rule100_softmax_v1_history
2025-08-04,MSFT,10107,TIGHTEN,,0.1,0.1,0.0,0.6,0.4,False,tighten_below_hold_threshold,1,4,0.03251999999999999,0.008129999999999998,69,rule100_softmax_v1_history
2025-08-04,MU,53613,HOLD,,0.1,0.1,0.1,0.6,0.4,True,eligible_buy_or_hold,2,4,1.0,0.25,32,rule100_softmax_v1_history
2025-08-04,TSM,85442,HOLD,,0.1,0.1,0.1,0.6,0.4,True,eligible_buy_or_hold,2,4,1.0,0.25,62,rule100_softmax_v1_history
2025-08-05,AMAT,14702,HOLD,,0.1,0.1,0.1,0.6,0.4,True,eligible_buy_or_hold,2,4,1.0,0.25,18,rule100_softmax_v1_history
2025-08-05,LRCX,48486,HOLD,,0.1,0.1,0.1,0.6,0.4,True,eligible_buy_or_hold,3,4,1.0,0.25,64,rule100_softmax_v1_history
2025-08-05,MSFT,10107,TIGHTEN,,0.1,0.1,0.0,0.6,0.4,False,tighten_below_hold_threshold,1,4,0.40412000000000003,0.10103000000000001,70,rule100_softmax_v1_history
2025-08-05,MU,53613,HOLD,,0.1,0.1,0.1,0.6,0.4,True,eligible_buy_or_hold,2,4,1.0,0.25,33,rule100_softmax_v1_history
2025-08-05,TSM,85442,HOLD,,0.1,0.1,0.1,0.6,0.4,True,eligible_buy_or_hold,2,4,1.0,0.25,63,rule100_softmax_v1_history
2025-08-06,AMAT,14702,HOLD,,0.1,0.1,0.1,0.6,0.4,True,eligible_buy_or_hold,2,4,1.0,0.25,19,rule100_softmax_v1_history
2025-08-06,LRCX,48486,HOLD,,0.1,0.1,0.1,0.6,0.4,True,eligible_buy_or_hold,3,4,1.0,0.25,65,rule100_softmax_v1_history
2025-08-06,MSFT,10107,TIGHTEN,,0.1,0.1,0.0,0.6,0.4,False,tighten_below_hold_threshold,1,4,0.55652,0.13913,71,rule100_softmax_v1_history
2025-08-06,MU,53613,HOLD,,0.1,0.1,0.1,0.6,0.4,True,eligible_buy_or_hold,2,4,1.0,0.25,34,rule100_softmax_v1_history
2025-08-06,TSM,85442,HOLD,,0.1,0.1,0.1,0.6,0.4,True,eligible_buy_or_hold,2,4,1.0,0.25,64,rule100_softmax_v1_history
2025-08-07,AMAT,14702,TIGHTEN,,0.1,0.1,0.0,0.7,0.30000000000000004,False,tighten_below_hold_threshold,1,4,1.0,0.25,20,rule100_softmax_v1_history
2025-08-07,LRCX,48486,HOLD,,0.1,0.1,0.1,0.7,0.30000000000000004,True,eligible_buy_or_hold,2,4,1.0,0.25,66,rule100_softmax_v1_history
2025-08-07,MSFT,10107,TIGHTEN,,0.1,0.1,0.0,0.7,0.30000000000000004,False,tighten_below_hold_threshold,1,4,0.75436,0.18859,72,rule100_softmax_v1_history
2025-08-07,MU,53613,HOLD,,0.1,0.1,0.1,0.7,0.30000000000000004,True,eligible_buy_or_hold,2,4,1.0,0.25,35,rule100_softmax_v1_history
2025-08-07,TSM,85442,HOLD,,0.1,0.1,0.1,0.7,0.30000000000000004,True,eligible_buy_or_hold,2,4,1.0,0.25,65,rule100_softmax_v1_history
2025-08-08,AMAT,14702,HOLD,,0.1,0.1,0.1,0.6,0.4,True,eligible_buy_or_hold,2,4,1.0,0.25,21,rule100_softmax_v1_history
2025-08-08,LRCX,48486,HOLD,,0.1,0.1,0.1,0.6,0.4,True,eligible_buy_or_hold,3,4,1.0,0.25,67,rule100_softmax_v1_history
2025-08-08,MSFT,10107,TIGHTEN,,0.1,0.1,0.0,0.6,0.4,False,tighten_below_hold_threshold,1,4,0.74456,0.18614,73,rule100_softmax_v1_history
2025-08-08,MU,53613,HOLD,,0.1,0.1,0.1,0.6,0.4,True,eligible_buy_or_hold,2,4,1.0,0.25,36,rule100_softmax_v1_history
2025-08-08,TSM,85442,HOLD,,0.1,0.1,0.1,0.6,0.4,True,eligible_buy_or_hold,2,4,1.0,0.25,66,rule100_softmax_v1_history
2025-08-11,AMAT,14702,HOLD,,0.1,0.1,0.1,0.6,0.4,True,eligible_buy_or_hold,2,4,1.0,0.25,24,rule100_softmax_v1_history
2025-08-11,LRCX,48486,HOLD,,0.1,0.1,0.1,0.6,0.4,True,eligible_buy_or_hold,3,4,1.0,0.25,70,rule100_softmax_v1_history
2025-08-11,MSFT,10107,TIGHTEN,,0.1,0.1,0.0,0.6,0.4,False,tighten_below_hold_threshold,1,4,0.79178,0.197945,76,rule100_softmax_v1_history
2025-08-11,MU,53613,HOLD,,0.1,0.1,0.1,0.6,0.4,True,eligible_buy_or_hold,2,4,1.0,0.25,39,rule100_softmax_v1_history
2025-08-11,TSM,85442,HOLD,,0.1,0.1,0.1,0.6,0.4,True,eligible_buy_or_hold,2,4,1.0,0.25,69,rule100_softmax_v1_history
2025-08-12,AMAT,14702,HOLD,,0.1,0.1,0.1,0.6,0.4,True,eligible_buy_or_hold,2,4,1.0,0.25,25,rule100_softmax_v1_history
2025-08-12,LRCX,48486,HOLD,,0.1,0.1,0.1,0.6,0.4,True,eligible_buy_or_hold,3,4,1.0,0.25,71,rule100_softmax_v1_history
2025-08-12,MSFT,10107,TIGHTEN,,0.1,0.1,0.0,0.6,0.4,False,tighten_below_hold_threshold,1,4,0.54884,0.13721,77,rule100_softmax_v1_history
2025-08-12,MU,53613,TRIM,,0.1,0.1,0.1,0.6,0.4,True,eligible_buy_or_hold,2,4,1.0,0.25,40,rule100_softmax_v1_history
2025-08-12,TSM,85442,HOLD,,0.1,0.1,0.1,0.6,0.4,True,eligible_buy_or_hold,2,4,1.0,0.25,70,rule100_softmax_v1_history
2025-08-13,AMAT,14702,HOLD,,0.1,0.1,0.1,0.6,0.4,True,eligible_buy_or_hold,2,4,1.0,0.25,26,rule100_softmax_v1_history
2025-08-13,LRCX,48486,HOLD,,0.1,0.1,0.1,0.6,0.4,True,eligible_buy_or_hold,3,4,1.0,0.25,72,rule100_softmax_v1_history
2025-08-13,MSFT,10107,TIGHTEN,,0.1,0.1,0.0,0.6,0.4,False,tighten_below_hold_threshold,1,4,0.91252,0.22813,78,rule100_softmax_v1_history
2025-08-13,MU,53613,HOLD,,0.1,0.1,0.1,0.6,0.4,True,eligible_buy_or_hold,2,4,1.0,0.25,41,rule100_softmax_v1_history
2025-08-13,TSM,85442,HOLD,,0.1,0.1,0.1,0.6,0.4,True,eligible_buy_or_hold,2,4,1.0,0.25,71,rule100_softmax_v1_history
2025-08-14,AMAT,14702,TIGHTEN,,0.1,0.1,0.0,0.7,0.30000000000000004,False,tighten_below_hold_threshold,0,1,0.7502,0.18755,27,rule100_softmax_v1_history
2025-08-14,LRCX,48486,HOLD,,0.1,0.1,0.1,0.7,0.30000000000000004,True,eligible_buy_or_hold,3,4,1.0,0.25,73,rule100_softmax_v1_history
2025-08-14,MSFT,10107,TIGHTEN,,0.1,0.1,0.0,0.7,0.30000000000000004,False,tighten_below_hold_threshold,1,4,0.86016,0.21504,79,rule100_softmax_v1_history
2025-08-14,MU,53613,HOLD,,0.1,0.1,0.1,0.7,0.30000000000000004,True,eligible_buy_or_hold,3,4,1.0,0.25,42,rule100_softmax_v1_history
2025-08-14,TSM,85442,HOLD,,0.1,0.1,0.1,0.7,0.30000000000000004,True,eligible_buy_or_hold,2,4,1.0,0.25,72,rule100_softmax_v1_history
2025-08-15,AMAT,14702,HOLD,,0.1,0.1,0.0,0.7,0.30000000000000004,False,exit_or_trend_veto_block,2,4,0.0,0.0,28,rule100_softmax_v1_history
2025-08-15,LRCX,48486,HOLD,,0.1,0.1,0.1,0.7,0.30000000000000004,True,eligible_buy_or_hold,3,4,1.0,0.25,74,rule100_softmax_v1_history
2025-08-15,MSFT,10107,TIGHTEN,,0.1,0.1,0.0,0.7,0.30000000000000004,False,tighten_below_hold_threshold,1,4,0.96874,0.242185,80,rule100_softmax_v1_history
2025-08-15,MU,53613,HOLD,,0.1,0.1,0.1,0.7,0.30000000000000004,True,eligible_buy_or_hold,3,4,1.0,0.25,43,rule100_softmax_v1_history
2025-08-15,TSM,85442,HOLD,,0.1,0.1,0.1,0.7,0.30000000000000004,True,eligible_buy_or_hold,2,4,1.0,0.25,73,rule100_softmax_v1_history
2025-08-18,AMAT,14702,EXIT,SELL,0.0,0.0,0.0,0.7,0.30000000000000004,False,flat_after_sell,2,4,0.0,,31,rule100_softmax_v1_history
2025-08-18,LRCX,48486,HOLD,,0.1,0.1,0.1,0.7,0.30000000000000004,True,eligible_buy_or_hold,3,4,1.0,0.25,77,rule100_softmax_v1_history
2025-08-18,MSFT,10107,TIGHTEN,,0.1,0.1,0.0,0.7,0.30000000000000004,False,tighten_below_hold_threshold,1,4,1.0,0.25,83,rule100_softmax_v1_history
2025-08-18,MU,53613,HOLD,,0.1,0.1,0.1,0.7,0.30000000000000004,True,eligible_buy_or_hold,3,4,1.0,0.25,46,rule100_softmax_v1_history
2025-08-18,TSM,85442,HOLD,,0.1,0.1,0.1,0.7,0.30000000000000004,True,eligible_buy_or_hold,2,4,1.0,0.25,76,rule100_softmax_v1_history
2025-08-19,LRCX,48486,HOLD,,0.1,0.1,0.1,0.7,0.30000000000000004,True,eligible_buy_or_hold,3,4,1.0,0.25,78,rule100_softmax_v1_history
2025-08-19,MSFT,10107,TIGHTEN,,0.1,0.1,0.0,0.7,0.30000000000000004,False,tighten_below_hold_threshold,1,4,1.0,0.25,84,rule100_softmax_v1_history
2025-08-19,MU,53613,HOLD,,0.1,0.1,0.1,0.7,0.30000000000000004,True,eligible_buy_or_hold,3,4,1.0,0.25,47,rule100_softmax_v1_history
2025-08-19,TSM,85442,HOLD,,0.1,0.1,0.1,0.7,0.30000000000000004,True,eligible_buy_or_hold,2,4,1.0,0.25,77,rule100_softmax_v1_history
2025-08-20,LRCX,48486,HOLD,,0.1,0.1,0.1,0.7,0.30000000000000004,True,eligible_buy_or_hold,3,4,1.0,0.25,79,rule100_softmax_v1_history
2025-08-20,MSFT,10107,TIGHTEN,,0.1,0.1,0.0,0.7,0.30000000000000004,False,tighten_below_hold_threshold,1,4,1.0,0.25,85,rule100_softmax_v1_history
2025-08-20,MU,53613,HOLD,,0.1,0.1,0.1,0.7,0.30000000000000004,True,eligible_buy_or_hold,3,4,1.0,0.25,48,rule100_softmax_v1_history
2025-08-20,TSM,85442,HOLD,,0.1,0.1,0.1,0.7,0.30000000000000004,True,eligible_buy_or_hold,2,4,1.0,0.25,78,rule100_softmax_v1_history
2025-08-21,LRCX,48486,HOLD,,0.1,0.1,0.1,0.7,0.30000000000000004,True,eligible_buy_or_hold,3,4,1.0,0.25,80,rule100_softmax_v1_history
2025-08-21,MSFT,10107,TIGHTEN,,0.1,0.1,0.0,0.7,0.30000000000000004,False,tighten_below_hold_threshold,1,4,1.0,0.25,86,rule100_softmax_v1_history
2025-08-21,MU,53613,HOLD,,0.1,0.1,0.1,0.7,0.30000000000000004,True,eligible_buy_or_hold,3,4,1.0,0.25,49,rule100_softmax_v1_history
2025-08-21,TSM,85442,HOLD,,0.1,0.1,0.1,0.7,0.30000000000000004,True,eligible_buy_or_hold,2,4,1.0,0.25,79,rule100_softmax_v1_history
2025-08-22,LRCX,48486,HOLD,,0.1,0.1,0.1,0.7,0.30000000000000004,True,eligible_buy_or_hold,3,4,1.0,0.25,81,rule100_softmax_v1_history
2025-08-22,MSFT,10107,TIGHTEN,,0.1,0.1,0.0,0.7,0.30000000000000004,False,tighten_below_hold_threshold,1,4,1.0,0.25,87,rule100_softmax_v1_history
2025-08-22,MU,53613,HOLD,,0.1,0.1,0.1,0.7,0.30000000000000004,True,eligible_buy_or_hold,3,4,1.0,0.25,50,rule100_softmax_v1_history
2025-08-22,TSM,85442,HOLD,,0.1,0.1,0.1,0.7,0.30000000000000004,True,eligible_buy_or_hold,2,4,1.0,0.25,80,rule100_softmax_v1_history
2025-08-25,LRCX,48486,HOLD,,0.1,0.1,0.1,0.7,0.30000000000000004,True,eligible_buy_or_hold,3,4,1.0,0.25,84,rule100_softmax_v1_history
2025-08-25,MSFT,10107,TIGHTEN,,0.1,0.1,0.0,0.7,0.30000000000000004,False,tighten_below_hold_threshold,1,4,1.0,0.25,90,rule100_softmax_v1_history
2025-08-25,MU,53613,HOLD,,0.1,0.1,0.1,0.7,0.30000000000000004,True,eligible_buy_or_hold,3,4,1.0,0.25,53,rule100_softmax_v1_history
2025-08-25,TSM,85442,HOLD,,0.1,0.1,0.1,0.7,0.30000000000000004,True,eligible_buy_or_hold,2,4,1.0,0.25,83,rule100_softmax_v1_history
2025-08-26,LRCX,48486,HOLD,,0.1,0.1,0.1,0.7,0.30000000000000004,True,eligible_buy_or_hold,3,4,1.0,0.25,85,rule100_softmax_v1_history
2025-08-26,MSFT,10107,TIGHTEN,,0.1,0.1,0.0,0.7,0.30000000000000004,False,tighten_below_hold_threshold,1,4,1.0,0.25,91,rule100_softmax_v1_history
2025-08-26,MU,53613,HOLD,,0.1,0.1,0.1,0.7,0.30000000000000004,True,eligible_buy_or_hold,3,4,1.0,0.25,54,rule100_softmax_v1_history
2025-08-26,TSM,85442,HOLD,,0.1,0.1,0.1,0.7,0.30000000000000004,True,eligible_buy_or_hold,2,4,1.0,0.25,84,rule100_softmax_v1_history
2025-08-27,LRCX,48486,HOLD,,0.1,0.1,0.1,0.7,0.30000000000000004,True,eligible_buy_or_hold,3,4,1.0,0.25,86,rule100_softmax_v1_history
2025-08-27,MSFT,10107,TIGHTEN,,0.1,0.1,0.0,0.7,0.30000000000000004,False,tighten_below_hold_threshold,1,4,1.0,0.25,92,rule100_softmax_v1_history
2025-08-27,MU,53613,HOLD,,0.1,0.1,0.1,0.7,0.30000000000000004,True,eligible_buy_or_hold,3,4,1.0,0.25,55,rule100_softmax_v1_history
2025-08-27,TSM,85442,HOLD,,0.1,0.1,0.1,0.7,0.30000000000000004,True,eligible_buy_or_hold,2,4,1.0,0.25,85,rule100_softmax_v1_history
2025-08-28,LRCX,48486,HOLD,,0.1,0.1,0.1,0.7,0.30000000000000004,True,eligible_buy_or_hold,3,4,1.0,0.25,87,rule100_softmax_v1_history
2025-08-28,MSFT,10107,TIGHTEN,,0.1,0.1,0.0,0.7,0.30000000000000004,False,tighten_below_hold_threshold,1,4,1.0,0.25,93,rule100_softmax_v1_history
2025-08-28,MU,53613,HOLD,,0.1,0.1,0.1,0.7,0.30000000000000004,True,eligible_buy_or_hold,3,4,1.0,0.25,56,rule100_softmax_v1_history
2025-08-28,TSM,85442,HOLD,,0.1,0.1,0.1,0.7,0.30000000000000004,True,eligible_buy_or_hold,2,4,1.0,0.25,86,rule100_softmax_v1_history
2025-08-29,LRCX,48486,HOLD,,0.1,0.1,0.1,0.7,0.30000000000000004,True,eligible_buy_or_hold,3,4,1.0,0.25,88,rule100_softmax_v1_history
2025-08-29,MSFT,10107,TIGHTEN,,0.1,0.1,0.0,0.7,0.30000000000000004,False,tighten_below_hold_threshold,1,4,1.0,0.25,94,rule100_softmax_v1_history
2025-08-29,MU,53613,HOLD,,0.1,0.1,0.1,0.7,0.30000000000000004,True,eligible_buy_or_hold,3,4,1.0,0.25,57,rule100_softmax_v1_history
2025-08-29,TSM,85442,HOLD,,0.1,0.1,0.1,0.7,0.30000000000000004,True,eligible_buy_or_hold,2,4,1.0,0.25,87,rule100_softmax_v1_history
2025-09-02,LRCX,48486,HOLD,,0.1,0.1,0.1,0.7,0.30000000000000004,True,eligible_buy_or_hold,3,4,1.0,0.25,92,rule100_softmax_v1_history
2025-09-02,MSFT,10107,TIGHTEN,,0.1,0.1,0.0,0.7,0.30000000000000004,False,tighten_below_hold_threshold,1,4,1.0,0.25,98,rule100_softmax_v1_history
2025-09-02,MU,53613,HOLD,,0.1,0.1,0.1,0.7,0.30000000000000004,True,eligible_buy_or_hold,3,4,1.0,0.25,61,rule100_softmax_v1_history
2025-09-02,TSM,85442,HOLD,,0.1,0.1,0.1,0.7,0.30000000000000004,True,eligible_buy_or_hold,2,4,1.0,0.25,91,rule100_softmax_v1_history
2025-09-03,LRCX,48486,HOLD,,0.1,0.1,0.1,0.7,0.30000000000000004,True,eligible_buy_or_hold,3,4,1.0,0.25,93,rule100_softmax_v1_history
2025-09-03,MSFT,10107,TIGHTEN,,0.1,0.1,0.0,0.7,0.30000000000000004,False,tighten_below_hold_threshold,1,4,1.0,0.25,99,rule100_softmax_v1_history
2025-09-03,MU,53613,HOLD,,0.1,0.1,0.1,0.7,0.30000000000000004,True,eligible_buy_or_hold,3,4,1.0,0.25,62,rule100_softmax_v1_history
2025-09-03,TSM,85442,HOLD,,0.1,0.1,0.1,0.7,0.30000000000000004,True,eligible_buy_or_hold,2,4,1.0,0.25,92,rule100_softmax_v1_history
2025-09-04,LRCX,48486,HOLD,,0.1,0.1,0.1,0.7,0.30000000000000004,True,eligible_buy_or_hold,3,4,1.0,0.25,94,rule100_softmax_v1_history
2025-09-04,MSFT,10107,TIGHTEN,,0.1,0.1,0.0,0.7,0.30000000000000004,False,tighten_below_hold_threshold,1,4,1.0,0.25,100,rule100_softmax_v1_history
2025-09-04,MU,53613,HOLD,,0.1,0.1,0.1,0.7,0.30000000000000004,True,eligible_buy_or_hold,3,4,1.0,0.25,63,rule100_softmax_v1_history
2025-09-04,TSM,85442,HOLD,,0.1,0.1,0.1,0.7,0.30000000000000004,True,eligible_buy_or_hold,2,4,1.0,0.25,93,rule100_softmax_v1_history
2025-09-05,LRCX,48486,HOLD,,0.1,0.1,0.1,0.7,0.30000000000000004,True,eligible_buy_or_hold,3,4,1.0,0.25,95,rule100_softmax_v1_history
2025-09-05,MSFT,10107,TIGHTEN,,0.1,0.1,0.0,0.7,0.30000000000000004,False,tighten_below_hold_threshold,1,4,1.0,0.25,101,rule100_softmax_v1_history
2025-09-05,MU,53613,HOLD,,0.1,0.1,0.1,0.7,0.30000000000000004,True,eligible_buy_or_hold,3,4,1.0,0.25,64,rule100_softmax_v1_history
2025-09-05,TSM,85442,HOLD,,0.1,0.1,0.1,0.7,0.30000000000000004,True,eligible_buy_or_hold,2,4,1.0,0.25,94,rule100_softmax_v1_history
2025-09-08,LRCX,48486,HOLD,,0.1,0.1,0.1,0.7,0.30000000000000004,True,eligible_buy_or_hold,3,4,1.0,0.25,98,rule100_softmax_v1_history
2025-09-08,MSFT,10107,TIGHTEN,,0.1,0.1,0.0,0.7,0.30000000000000004,False,tighten_below_hold_threshold,1,4,1.0,0.25,104,rule100_softmax_v1_history
2025-09-08,MU,53613,HOLD,,0.1,0.1,0.1,0.7,0.30000000000000004,True,eligible_buy_or_hold,3,4,1.0,0.25,67,rule100_softmax_v1_history
2025-09-08,TSM,85442,HOLD,,0.1,0.1,0.1,0.7,0.30000000000000004,True,eligible_buy_or_hold,2,4,1.0,0.25,97,rule100_softmax_v1_history
2025-09-09,LRCX,48486,HOLD,,0.1,0.1,0.1,0.7,0.30000000000000004,True,eligible_buy_or_hold,3,4,1.0,0.25,99,rule100_softmax_v1_history
2025-09-09,MSFT,10107,TIGHTEN,,0.1,0.1,0.0,0.7,0.30000000000000004,False,tighten_below_hold_threshold,1,4,1.0,0.25,105,rule100_softmax_v1_history
2025-09-09,MU,53613,HOLD,,0.1,0.1,0.1,0.7,0.30000000000000004,True,eligible_buy_or_hold,3,4,1.0,0.25,68,rule100_softmax_v1_history
2025-09-09,TSM,85442,HOLD,,0.1,0.1,0.1,0.7,0.30000000000000004,True,eligible_buy_or_hold,2,4,1.0,0.25,98,rule100_softmax_v1_history
2025-09-10,LRCX,48486,HOLD,,0.1,0.1,0.1,0.7,0.30000000000000004,True,eligible_buy_or_hold,3,4,1.0,0.25,100,rule100_softmax_v1_history
2025-09-10,MSFT,10107,TIGHTEN,,0.1,0.1,0.0,0.7,0.30000000000000004,False,tighten_below_hold_threshold,1,4,1.0,0.25,106,rule100_softmax_v1_history
2025-09-10,MU,53613,TRIM,,0.1,0.1,0.1,0.7,0.30000000000000004,True,eligible_buy_or_hold,3,4,1.0,0.25,69,rule100_softmax_v1_history
2025-09-10,TSM,85442,HOLD,,0.1,0.1,0.1,0.7,0.30000000000000004,True,eligible_buy_or_hold,2,4,1.0,0.25,99,rule100_softmax_v1_history
2025-09-11,LRCX,48486,TRIM,,0.1,0.1,0.1,0.8,0.2,True,eligible_buy_or_hold,3,4,1.0,0.25,101,rule100_softmax_v1_history
2025-09-11,MSFT,10107,TIGHTEN,,0.1,0.1,0.0,0.8,0.2,False,tighten_below_hold_threshold,1,4,1.0,0.25,107,rule100_softmax_v1_history
2025-09-11,MU,53613,EXIT,SELL,0.0,0.0,0.0,0.8,0.2,False,flat_after_sell,3,4,0.0,,70,rule100_softmax_v1_history
2025-09-11,TSM,85442,HOLD,,0.1,0.1,0.1,0.8,0.2,True,eligible_buy_or_hold,2,4,1.0,0.25,100,rule100_softmax_v1_history
2025-09-12,LRCX,48486,TRIM,,0.1,0.1,0.1,0.8,0.2,True,eligible_buy_or_hold,3,4,1.0,0.25,102,rule100_softmax_v1_history
2025-09-12,MSFT,10107,TIGHTEN,,0.1,0.1,0.0,0.8,0.2,False,tighten_below_hold_threshold,1,4,0.8290200000000001,0.20725500000000002,108,rule100_softmax_v1_history
2025-09-12,TSM,85442,HOLD,,0.1,0.1,0.1,0.8,0.2,True,eligible_buy_or_hold,2,4,1.0,0.25,101,rule100_softmax_v1_history
2025-09-15,LRCX,48486,TRIM,,0.1,0.1,0.1,0.8,0.2,True,eligible_buy_or_hold,3,4,1.0,0.25,105,rule100_softmax_v1_history
2025-09-15,MSFT,10107,TIGHTEN,,0.1,0.1,0.0,0.8,0.2,False,tighten_below_hold_threshold,1,4,0.6050599999999999,0.15126499999999998,111,rule100_softmax_v1_history
2025-09-15,TSM,85442,HOLD,,0.1,0.1,0.1,0.8,0.2,True,eligible_buy_or_hold,2,4,1.0,0.25,104,rule100_softmax_v1_history
2025-09-16,LRCX,48486,TRIM,,0.1,0.1,0.1,0.8,0.2,True,eligible_buy_or_hold,3,4,1.0,0.25,106,rule100_softmax_v1_history
2025-09-16,MSFT,10107,TIGHTEN,,0.1,0.1,0.0,0.8,0.2,False,tighten_below_hold_threshold,1,4,0.8407800000000001,0.21019500000000002,112,rule100_softmax_v1_history
2025-09-16,TSM,85442,HOLD,,0.1,0.1,0.1,0.8,0.2,True,eligible_buy_or_hold,2,4,1.0,0.25,105,rule100_softmax_v1_history
2025-09-17,LRCX,48486,TRIM,,0.1,0.1,0.1,0.8,0.2,True,eligible_buy_or_hold,3,4,1.0,0.25,107,rule100_softmax_v1_history
2025-09-17,MSFT,10107,TIGHTEN,,0.1,0.1,0.0,0.8,0.2,False,tighten_below_hold_threshold,1,4,0.8041400000000001,0.20103500000000002,113,rule100_softmax_v1_history
2025-09-17,TSM,85442,HOLD,,0.1,0.1,0.1,0.8,0.2,True,eligible_buy_or_hold,2,4,1.0,0.25,106,rule100_softmax_v1_history
2025-09-18,LRCX,48486,TRIM,,0.1,0.1,0.1,0.8,0.2,True,eligible_buy_or_hold,3,4,1.0,0.25,108,rule100_softmax_v1_history
2025-09-18,MSFT,10107,TIGHTEN,,0.1,0.1,0.0,0.8,0.2,False,tighten_below_hold_threshold,1,4,0.8734,0.21835,114,rule100_softmax_v1_history
2025-09-18,TSM,85442,HOLD,,0.1,0.1,0.1,0.8,0.2,True,eligible_buy_or_hold,2,4,1.0,0.25,107,rule100_softmax_v1_history
2025-09-19,LRCX,48486,TRIM,,0.1,0.1,0.1,0.8,0.2,True,eligible_buy_or_hold,3,4,1.0,0.25,109,rule100_softmax_v1_history
2025-09-19,MSFT,10107,TIGHTEN,,0.1,0.1,0.0,0.8,0.2,False,tighten_below_hold_threshold,1,4,0.5259,0.131475,115,rule100_softmax_v1_history
2025-09-19,TSM,85442,HOLD,,0.1,0.1,0.1,0.8,0.2,True,eligible_buy_or_hold,2,4,1.0,0.25,108,rule100_softmax_v1_history
2025-09-22,LRCX,48486,TRIM,,0.1,0.1,0.1,0.8,0.2,True,eligible_buy_or_hold,3,4,1.0,0.25,112,rule100_softmax_v1_history
2025-09-22,MSFT,10107,TIGHTEN,,0.1,0.1,0.0,0.8,0.2,False,tighten_below_hold_threshold,1,4,0.67796,0.16949,118,rule100_softmax_v1_history
2025-09-22,TSM,85442,HOLD,,0.1,0.1,0.1,0.8,0.2,True,eligible_buy_or_hold,2,4,1.0,0.25,111,rule100_softmax_v1_history
2025-09-23,LRCX,48486,TRIM,,0.1,0.1,0.1,0.8,0.2,True,eligible_buy_or_hold,3,4,1.0,0.25,113,rule100_softmax_v1_history
2025-09-23,MSFT,10107,TIGHTEN,,0.1,0.1,0.0,0.8,0.2,False,tighten_below_hold_threshold,1,4,0.89402,0.223505,119,rule100_softmax_v1_history
2025-09-23,TSM,85442,TRIM,,0.1,0.1,0.1,0.8,0.2,True,eligible_buy_or_hold,2,4,1.0,0.25,112,rule100_softmax_v1_history
2025-09-24,LRCX,48486,TRIM,,0.1,0.1,0.1,0.8,0.2,True,eligible_buy_or_hold,3,4,1.0,0.25,114,rule100_softmax_v1_history
2025-09-24,MSFT,10107,TIGHTEN,,0.1,0.1,0.0,0.8,0.2,False,tighten_below_hold_threshold,1,4,0.87382,0.218455,120,rule100_softmax_v1_history
2025-09-24,TSM,85442,HOLD,,0.1,0.1,0.1,0.8,0.2,True,eligible_buy_or_hold,2,4,1.0,0.25,113,rule100_softmax_v1_history
2025-09-25,LRCX,48486,TRIM,,0.1,0.1,0.1,0.8,0.2,True,eligible_buy_or_hold,3,4,1.0,0.25,115,rule100_softmax_v1_history
2025-09-25,MSFT,10107,TIGHTEN,,0.1,0.1,0.0,0.8,0.2,False,tighten_below_hold_threshold,1,4,0.99748,0.24937,121,rule100_softmax_v1_history
2025-09-25,TSM,85442,HOLD,,0.1,0.1,0.1,0.8,0.2,True,eligible_buy_or_hold,2,4,1.0,0.25,114,rule100_softmax_v1_history
2025-09-26,LRCX,48486,HOLD,,0.1,0.1,0.1,0.8,0.2,True,eligible_buy_or_hold,3,4,1.0,0.25,116,rule100_softmax_v1_history
2025-09-26,MSFT,10107,TIGHTEN,,0.1,0.1,0.0,0.8,0.2,False,tighten_below_hold_threshold,1,4,0.8263400000000001,0.20658500000000002,122,rule100_softmax_v1_history
2025-09-26,TSM,85442,HOLD,,0.1,0.1,0.1,0.8,0.2,True,eligible_buy_or_hold,2,4,1.0,0.25,115,rule100_softmax_v1_history
2025-09-29,LRCX,48486,TRIM,,0.1,0.1,0.1,0.8,0.2,True,eligible_buy_or_hold,3,4,1.0,0.25,119,rule100_softmax_v1_history
2025-09-29,MSFT,10107,TIGHTEN,,0.1,0.1,0.0,0.8,0.2,False,tighten_below_hold_threshold,1,4,0.7182999999999999,0.17957499999999998,125,rule100_softmax_v1_history
2025-09-29,TSM,85442,HOLD,,0.1,0.1,0.1,0.8,0.2,True,eligible_buy_or_hold,2,4,1.0,0.25,118,rule100_softmax_v1_history
2025-09-30,LRCX,48486,TRIM,,0.1,0.1,0.1,0.8,0.2,True,eligible_buy_or_hold,3,4,1.0,0.25,120,rule100_softmax_v1_history
2025-09-30,MSFT,10107,TIGHTEN,,0.1,0.1,0.0,0.8,0.2,False,tighten_below_hold_threshold,1,4,0.61204,0.15301,126,rule100_softmax_v1_history
2025-09-30,TSM,85442,HOLD,,0.1,0.1,0.1,0.8,0.2,True,eligible_buy_or_hold,2,4,1.0,0.25,119,rule100_softmax_v1_history
2025-10-01,LRCX,48486,TRIM,,0.1,0.1,0.1,0.8,0.2,True,eligible_buy_or_hold,3,4,1.0,0.25,121,rule100_softmax_v1_history
2025-10-01,MSFT,10107,TIGHTEN,,0.1,0.1,0.0,0.8,0.2,False,tighten_below_hold_threshold,1,4,0.57162,0.142905,127,rule100_softmax_v1_history
2025-10-01,TSM,85442,HOLD,,0.1,0.1,0.1,0.8,0.2,True,eligible_buy_or_hold,2,4,1.0,0.25,120,rule100_softmax_v1_history
2025-10-02,LRCX,48486,TRIM,,0.1,0.1,0.1,0.8,0.2,True,eligible_buy_or_hold,3,4,1.0,0.25,122,rule100_softmax_v1_history
2025-10-02,MSFT,10107,TIGHTEN,,0.1,0.1,0.0,0.8,0.2,False,tighten_below_hold_threshold,1,4,0.74314,0.185785,128,rule100_softmax_v1_history
2025-10-02,TSM,85442,HOLD,,0.1,0.1,0.1,0.8,0.2,True,eligible_buy_or_hold,2,4,1.0,0.25,121,rule100_softmax_v1_history
2025-10-03,LRCX,48486,TRIM,,0.1,0.1,0.1,0.8,0.2,True,eligible_buy_or_hold,3,4,1.0,0.25,123,rule100_softmax_v1_history
2025-10-03,MSFT,10107,TIGHTEN,,0.1,0.1,0.0,0.8,0.2,False,tighten_below_hold_threshold,1,4,0.7243999999999999,0.18109999999999998,129,rule100_softmax_v1_history
2025-10-03,TSM,85442,HOLD,,0.1,0.1,0.1,0.8,0.2,True,eligible_buy_or_hold,2,4,1.0,0.25,122,rule100_softmax_v1_history
2025-10-06,LRCX,48486,TRIM,,0.1,0.1,0.1,0.8,0.2,True,eligible_buy_or_hold,3,4,1.0,0.25,126,rule100_softmax_v1_history
2025-10-06,MSFT,10107,TIGHTEN,,0.1,0.1,0.0,0.8,0.2,False,tighten_below_hold_threshold,1,4,0.34614,0.086535,132,rule100_softmax_v1_history
2025-10-06,TSM,85442,HOLD,,0.1,0.1,0.1,0.8,0.2,True,eligible_buy_or_hold,2,4,1.0,0.25,125,rule100_softmax_v1_history
2025-10-07,LRCX,48486,HOLD,,0.1,0.1,0.1,0.8,0.2,True,eligible_buy_or_hold,3,4,1.0,0.25,127,rule100_softmax_v1_history
2025-10-07,MSFT,10107,TIGHTEN,,0.1,0.1,0.0,0.8,0.2,False,tighten_below_hold_threshold,1,4,0.57652,0.14413,133,rule100_softmax_v1_history
2025-10-07,TSM,85442,HOLD,,0.1,0.1,0.1,0.8,0.2,True,eligible_buy_or_hold,2,4,1.0,0.25,126,rule100_softmax_v1_history
2025-10-08,LRCX,48486,HOLD,,0.1,0.1,0.1,0.8,0.2,True,eligible_buy_or_hold,3,4,1.0,0.25,128,rule100_softmax_v1_history
2025-10-08,MSFT,10107,TIGHTEN,,0.1,0.1,0.0,0.8,0.2,False,tighten_below_hold_threshold,1,4,0.59128,0.14782,134,rule100_softmax_v1_history
2025-10-08,TSM,85442,HOLD,,0.1,0.1,0.1,0.8,0.2,True,eligible_buy_or_hold,2,4,1.0,0.25,127,rule100_softmax_v1_history
2025-10-09,LRCX,48486,HOLD,,0.1,0.1,0.1,0.8,0.2,True,eligible_buy_or_hold,3,4,1.0,0.25,129,rule100_softmax_v1_history
2025-10-09,MSFT,10107,TIGHTEN,,0.1,0.1,0.0,0.8,0.2,False,tighten_below_hold_threshold,1,4,0.7287,0.182175,135,rule100_softmax_v1_history
2025-10-09,TSM,85442,HOLD,,0.1,0.1,0.1,0.8,0.2,True,eligible_buy_or_hold,2,4,1.0,0.25,128,rule100_softmax_v1_history
2025-10-10,LRCX,48486,HOLD,,0.1,0.1,0.1,0.8,0.2,True,eligible_buy_or_hold,3,4,1.0,0.25,130,rule100_softmax_v1_history
2025-10-10,MSFT,10107,TIGHTEN,,0.1,0.1,0.0,0.8,0.2,False,tighten_below_hold_threshold,1,4,1.0,0.25,136,rule100_softmax_v1_history
2025-10-10,TSM,85442,HOLD,,0.1,0.1,0.1,0.8,0.2,True,eligible_buy_or_hold,2,4,1.0,0.25,129,rule100_softmax_v1_history
2025-10-13,LRCX,48486,HOLD,,0.1,0.1,0.1,0.8,0.2,True,eligible_buy_or_hold,3,4,1.0,0.25,133,rule100_softmax_v1_history
2025-10-13,MSFT,10107,TIGHTEN,,0.1,0.1,0.0,0.8,0.2,False,tighten_below_hold_threshold,1,4,1.0,0.25,139,rule100_softmax_v1_history
2025-10-13,TSM,85442,HOLD,,0.1,0.1,0.1,0.8,0.2,True,eligible_buy_or_hold,2,4,1.0,0.25,132,rule100_softmax_v1_history
2025-10-14,LRCX,48486,HOLD,,0.1,0.1,0.1,0.8,0.2,True,eligible_buy_or_hold,3,4,1.0,0.25,134,rule100_softmax_v1_history
2025-10-14,MSFT,10107,TIGHTEN,,0.1,0.1,0.0,0.8,0.2,False,tighten_below_hold_threshold,1,4,1.0,0.25,140,rule100_softmax_v1_history
2025-10-14,TSM,85442,HOLD,,0.1,0.1,0.1,0.8,0.2,True,eligible_buy_or_hold,2,4,1.0,0.25,133,rule100_softmax_v1_history
2025-10-15,LRCX,48486,HOLD,,0.1,0.1,0.1,0.8,0.2,True,eligible_buy_or_hold,3,4,1.0,0.25,135,rule100_softmax_v1_history
2025-10-15,MSFT,10107,TIGHTEN,,0.1,0.1,0.0,0.8,0.2,False,tighten_below_hold_threshold,1,4,1.0,0.25,141,rule100_softmax_v1_history
2025-10-15,TSM,85442,HOLD,,0.1,0.1,0.1,0.8,0.2,True,eligible_buy_or_hold,2,4,1.0,0.25,134,rule100_softmax_v1_history
2025-10-16,LRCX,48486,HOLD,,0.1,0.1,0.1,0.9,0.1,True,eligible_buy_or_hold,3,4,1.0,0.25,136,rule100_softmax_v1_history
2025-10-16,MSFT,10107,TIGHTEN,,0.1,0.1,0.0,0.9,0.1,False,tighten_below_hold_threshold,1,4,1.0,0.25,142,rule100_softmax_v1_history
2025-10-16,TSM,85442,TIGHTEN,,0.1,0.1,0.0,0.9,0.1,False,tighten_below_hold_threshold,0,1,0.16730000000000012,0.04182500000000003,135,rule100_softmax_v1_history
2025-10-17,LRCX,48486,HOLD,,0.1,0.1,0.1,0.9,0.1,True,eligible_buy_or_hold,3,4,1.0,0.25,137,rule100_softmax_v1_history
2025-10-17,MSFT,10107,TIGHTEN,,0.1,0.1,0.0,0.9,0.1,False,tighten_below_hold_threshold,1,4,1.0,0.25,143,rule100_softmax_v1_history
2025-10-17,TSM,85442,TIGHTEN,,0.1,0.1,0.0,0.9,0.1,False,tighten_below_hold_threshold,1,4,0.60504,0.15126,136,rule100_softmax_v1_history
2025-10-20,LRCX,48486,HOLD,,0.1,0.1,0.1,0.9,0.1,True,eligible_buy_or_hold,3,4,1.0,0.25,140,rule100_softmax_v1_history
2025-10-20,MSFT,10107,TIGHTEN,,0.1,0.1,0.0,0.9,0.1,False,tighten_below_hold_threshold,1,4,0.96358,0.240895,146,rule100_softmax_v1_history
2025-10-20,TSM,85442,TIGHTEN,,0.1,0.1,0.0,0.9,0.1,False,tighten_below_hold_threshold,1,4,0.5126999999999999,0.12817499999999998,139,rule100_softmax_v1_history
2025-10-21,LRCX,48486,HOLD,,0.1,0.1,0.1,0.9,0.1,True,eligible_buy_or_hold,3,4,1.0,0.25,141,rule100_softmax_v1_history
2025-10-21,MSFT,10107,TIGHTEN,,0.1,0.1,0.0,0.9,0.1,False,tighten_below_hold_threshold,1,4,0.94624,0.23656,147,rule100_softmax_v1_history
2025-10-21,TSM,85442,TIGHTEN,,0.1,0.1,0.0,0.9,0.1,False,tighten_below_hold_threshold,1,4,0.77328,0.19332,140,rule100_softmax_v1_history
2025-10-22,LRCX,48486,TIGHTEN,,0.1,0.1,0.0,1.0,0.0,False,tighten_below_hold_threshold,0,1,0.79668,0.19917,142,rule100_softmax_v1_history
2025-10-22,MSFT,10107,TIGHTEN,,0.1,0.1,0.0,1.0,0.0,False,tighten_below_hold_threshold,1,4,0.85494,0.213735,148,rule100_softmax_v1_history
2025-10-22,TSM,85442,TIGHTEN,,0.1,0.1,0.0,1.0,0.0,False,tighten_below_hold_threshold,1,4,1.0,0.25,141,rule100_softmax_v1_history
2025-10-23,LRCX,48486,HOLD,,0.1,0.1,0.1,0.9,0.1,True,eligible_buy_or_hold,3,4,1.0,0.25,143,rule100_softmax_v1_history
2025-10-23,MSFT,10107,TIGHTEN,,0.1,0.1,0.0,0.9,0.1,False,tighten_below_hold_threshold,1,4,0.8805000000000001,0.22012500000000002,149,rule100_softmax_v1_history
2025-10-23,TSM,85442,TIGHTEN,,0.1,0.1,0.0,0.9,0.1,False,tighten_below_hold_threshold,1,4,1.0,0.25,142,rule100_softmax_v1_history
2025-10-24,LRCX,48486,HOLD,,0.1,0.1,0.1,0.9,0.1,True,eligible_buy_or_hold,3,4,1.0,0.25,144,rule100_softmax_v1_history
2025-10-24,MSFT,10107,TIGHTEN,,0.1,0.1,0.0,0.9,0.1,False,tighten_below_hold_threshold,1,4,0.78634,0.196585,150,rule100_softmax_v1_history
2025-10-24,TSM,85442,TIGHTEN,,0.1,0.1,0.0,0.9,0.1,False,tighten_below_hold_threshold,1,4,0.89372,0.22343,143,rule100_softmax_v1_history
2025-10-27,LRCX,48486,HOLD,,0.1,0.1,0.1,0.9,0.1,True,eligible_buy_or_hold,3,4,1.0,0.25,147,rule100_softmax_v1_history
2025-10-27,MSFT,10107,TIGHTEN,,0.1,0.1,0.0,0.9,0.1,False,tighten_below_hold_threshold,1,4,0.51444,0.12861,153,rule100_softmax_v1_history
2025-10-27,TSM,85442,TIGHTEN,,0.1,0.1,0.0,0.9,0.1,False,tighten_below_hold_threshold,1,4,0.75578,0.188945,146,rule100_softmax_v1_history
2025-10-28,LRCX,48486,HOLD,,0.1,0.1,0.1,0.9,0.1,True,eligible_buy_or_hold,3,4,1.0,0.25,148,rule100_softmax_v1_history
2025-10-28,MSFT,10107,TIGHTEN,,0.1,0.1,0.0,0.9,0.1,False,tighten_below_hold_threshold,1,4,0.15625999999999995,0.03906499999999999,154,rule100_softmax_v1_history
2025-10-28,TSM,85442,TIGHTEN,,0.1,0.1,0.0,0.9,0.1,False,tighten_below_hold_threshold,1,4,0.6101000000000001,0.15252500000000002,147,rule100_softmax_v1_history
2025-10-29,LRCX,48486,HOLD,,0.1,0.1,0.1,0.9,0.1,True,eligible_buy_or_hold,3,4,1.0,0.25,149,rule100_softmax_v1_history
2025-10-29,MSFT,10107,TIGHTEN,,0.1,0.1,0.0,0.9,0.1,False,tighten_below_hold_threshold,0,1,0.21988000000000008,0.05497000000000002,155,rule100_softmax_v1_history
2025-10-29,TSM,85442,TIGHTEN,,0.1,0.1,0.0,0.9,0.1,False,tighten_below_hold_threshold,1,4,0.42716,0.10679,148,rule100_softmax_v1_history
2025-10-30,LRCX,48486,HOLD,,0.1,0.1,0.1,0.9,0.1,True,eligible_buy_or_hold,3,4,1.0,0.25,150,rule100_softmax_v1_history
2025-10-30,MSFT,10107,TIGHTEN,,0.1,0.1,0.0,0.9,0.1,False,tighten_below_hold_threshold,1,4,0.84514,0.211285,156,rule100_softmax_v1_history
2025-10-30,TSM,85442,TIGHTEN,,0.1,0.1,0.0,0.9,0.1,False,tighten_below_hold_threshold,1,4,0.6052200000000001,0.15130500000000002,149,rule100_softmax_v1_history
2025-10-31,LRCX,48486,HOLD,,0.1,0.1,0.1,0.9,0.1,True,eligible_buy_or_hold,3,4,1.0,0.25,151,rule100_softmax_v1_history
2025-10-31,MSFT,10107,TIGHTEN,,0.1,0.1,0.0,0.9,0.1,False,tighten_below_hold_threshold,1,4,1.0,0.25,157,rule100_softmax_v1_history
2025-10-31,TSM,85442,TIGHTEN,,0.1,0.1,0.0,0.9,0.1,False,tighten_below_hold_threshold,1,4,0.82084,0.20521,150,rule100_softmax_v1_history
2025-11-03,LRCX,48486,HOLD,,0.1,0.1,0.1,0.9,0.1,True,eligible_buy_or_hold,3,4,1.0,0.25,154,rule100_softmax_v1_history
2025-11-03,MSFT,10107,TIGHTEN,,0.1,0.1,0.0,0.9,0.1,False,tighten_below_hold_threshold,1,4,1.0,0.25,160,rule100_softmax_v1_history
2025-11-03,TSM,85442,TIGHTEN,,0.1,0.1,0.0,0.9,0.1,False,tighten_below_hold_threshold,1,4,0.5317400000000001,0.13293500000000003,153,rule100_softmax_v1_history
2025-11-04,LRCX,48486,HOLD,,0.1,0.1,0.1,0.9,0.1,True,eligible_buy_or_hold,3,4,1.0,0.25,155,rule100_softmax_v1_history
2025-11-04,MSFT,10107,TIGHTEN,,0.1,0.1,0.0,0.9,0.1,False,tighten_below_hold_threshold,1,4,1.0,0.25,161,rule100_softmax_v1_history
2025-11-04,TSM,85442,TIGHTEN,,0.1,0.1,0.0,0.9,0.1,False,tighten_below_hold_threshold,1,4,1.0,0.25,154,rule100_softmax_v1_history
2025-11-05,LRCX,48486,HOLD,,0.1,0.1,0.1,0.9,0.1,True,eligible_buy_or_hold,3,4,1.0,0.25,156,rule100_softmax_v1_history
2025-11-05,MSFT,10107,TIGHTEN,,0.1,0.1,0.0,0.9,0.1,False,tighten_below_hold_threshold,1,4,1.0,0.25,162,rule100_softmax_v1_history
2025-11-05,TSM,85442,TIGHTEN,,0.1,0.1,0.0,0.9,0.1,False,tighten_below_hold_threshold,1,4,1.0,0.25,155,rule100_softmax_v1_history
2025-11-06,LRCX,48486,HOLD,,0.1,0.1,0.1,0.9,0.1,True,eligible_buy_or_hold,3,4,1.0,0.25,157,rule100_softmax_v1_history
2025-11-06,MSFT,10107,TIGHTEN,,0.1,0.1,0.0,0.9,0.1,False,tighten_below_hold_threshold,1,4,1.0,0.25,163,rule100_softmax_v1_history
2025-11-06,TSM,85442,TIGHTEN,,0.1,0.1,0.0,0.9,0.1,False,tighten_below_hold_threshold,1,4,1.0,0.25,156,rule100_softmax_v1_history
2025-11-07,LRCX,48486,HOLD,,0.1,0.1,0.1,0.9,0.1,True,eligible_buy_or_hold,3,4,1.0,0.25,158,rule100_softmax_v1_history
2025-11-07,MSFT,10107,TIGHTEN,,0.1,0.1,0.0,0.9,0.1,False,tighten_below_hold_threshold,1,4,1.0,0.25,164,rule100_softmax_v1_history
2025-11-07,TSM,85442,TIGHTEN,,0.1,0.1,0.0,0.9,0.1,False,tighten_below_hold_threshold,1,4,1.0,0.25,157,rule100_softmax_v1_history
2025-11-10,LRCX,48486,HOLD,,0.1,0.1,0.1,0.9,0.1,True,eligible_buy_or_hold,3,4,1.0,0.25,161,rule100_softmax_v1_history
2025-11-10,MSFT,10107,TIGHTEN,,0.1,0.1,0.0,0.9,0.1,False,tighten_below_hold_threshold,1,4,1.0,0.25,167,rule100_softmax_v1_history
2025-11-10,TSM,85442,TIGHTEN,,0.1,0.1,0.0,0.9,0.1,False,tighten_below_hold_threshold,1,4,1.0,0.25,160,rule100_softmax_v1_history
2025-11-11,LRCX,48486,HOLD,,0.1,0.1,0.1,0.9,0.1,True,eligible_buy_or_hold,3,4,1.0,0.25,162,rule100_softmax_v1_history
2025-11-11,MSFT,10107,TIGHTEN,,0.1,0.1,0.0,0.9,0.1,False,tighten_below_hold_threshold,1,4,1.0,0.25,168,rule100_softmax_v1_history
2025-11-11,TSM,85442,TIGHTEN,,0.1,0.1,0.0,0.9,0.1,False,tighten_below_hold_threshold,1,4,1.0,0.25,161,rule100_softmax_v1_history
2025-11-12,LRCX,48486,HOLD,,0.1,0.1,0.1,0.9,0.1,True,eligible_buy_or_hold,3,4,1.0,0.25,163,rule100_softmax_v1_history
2025-11-12,MSFT,10107,TIGHTEN,,0.1,0.1,0.0,0.9,0.1,False,tighten_below_hold_threshold,1,4,1.0,0.25,169,rule100_softmax_v1_history
2025-11-12,TSM,85442,TIGHTEN,,0.1,0.1,0.0,0.9,0.1,False,tighten_below_hold_threshold,1,4,1.0,0.25,162,rule100_softmax_v1_history
2025-11-13,LRCX,48486,HOLD,,0.1,0.1,0.1,0.9,0.1,True,eligible_buy_or_hold,3,4,1.0,0.25,164,rule100_softmax_v1_history
2025-11-13,MSFT,10107,TIGHTEN,,0.1,0.1,0.0,0.9,0.1,False,tighten_below_hold_threshold,1,4,1.0,0.25,170,rule100_softmax_v1_history
2025-11-13,TSM,85442,TIGHTEN,,0.1,0.1,0.0,0.9,0.1,False,tighten_below_hold_threshold,1,4,1.0,0.25,163,rule100_softmax_v1_history
2025-11-14,AMZN,84788,BUY,BUY,0.1,0.1,0.1,0.7,0.30000000000000004,True,eligible_buy_or_hold,3,4,1.0,0.25,0,rule100_softmax_v1_history
2025-11-14,LRCX,48486,HOLD,,0.1,0.1,0.1,0.7,0.30000000000000004,True,eligible_buy_or_hold,3,4,1.0,0.25,165,rule100_softmax_v1_history
2025-11-14,MSFT,10107,TIGHTEN,,0.1,0.1,0.0,0.7,0.30000000000000004,False,tighten_below_hold_threshold,1,4,1.0,0.25,171,rule100_softmax_v1_history
2025-11-14,TSM,85442,HOLD,,0.1,0.1,0.1,0.7,0.30000000000000004,True,eligible_buy_or_hold,2,4,1.0,0.25,164,rule100_softmax_v1_history
2025-11-17,AMZN,84788,HOLD,,0.1,0.1,0.1,0.8,0.2,True,eligible_buy_or_hold,3,4,1.0,0.25,3,rule100_softmax_v1_history
2025-11-17,LRCX,48486,HOLD,,0.1,0.1,0.1,0.8,0.2,True,eligible_buy_or_hold,3,4,1.0,0.25,168,rule100_softmax_v1_history
2025-11-17,MSFT,10107,TIGHTEN,,0.1,0.1,0.0,0.8,0.2,False,tighten_below_hold_threshold,1,4,1.0,0.25,174,rule100_softmax_v1_history
2025-11-17,TSM,85442,TIGHTEN,,0.1,0.1,0.0,0.8,0.2,False,tighten_below_hold_threshold,1,4,1.0,0.25,167,rule100_softmax_v1_history
2025-11-18,AMZN,84788,HOLD,,0.1,0.1,0.1,0.8,0.2,True,eligible_buy_or_hold,3,4,1.0,0.25,4,rule100_softmax_v1_history
2025-11-18,LRCX,48486,HOLD,,0.1,0.1,0.1,0.8,0.2,True,eligible_buy_or_hold,3,4,1.0,0.25,169,rule100_softmax_v1_history
2025-11-18,MSFT,10107,TIGHTEN,,0.1,0.1,0.0,0.8,0.2,False,tighten_below_hold_threshold,1,4,1.0,0.25,175,rule100_softmax_v1_history
2025-11-18,TSM,85442,TIGHTEN,,0.1,0.1,0.0,0.8,0.2,False,tighten_below_hold_threshold,1,4,1.0,0.25,168,rule100_softmax_v1_history
2025-11-19,AMZN,84788,HOLD,,0.1,0.1,0.1,0.8,0.2,True,eligible_buy_or_hold,3,4,1.0,0.25,5,rule100_softmax_v1_history
2025-11-19,LRCX,48486,HOLD,,0.1,0.1,0.1,0.8,0.2,True,eligible_buy_or_hold,3,4,1.0,0.25,170,rule100_softmax_v1_history
2025-11-19,MSFT,10107,TIGHTEN,,0.1,0.1,0.0,0.8,0.2,False,tighten_below_hold_threshold,1,4,1.0,0.25,176,rule100_softmax_v1_history
2025-11-19,TSM,85442,TIGHTEN,,0.1,0.1,0.0,0.8,0.2,False,tighten_below_hold_threshold,1,4,1.0,0.25,169,rule100_softmax_v1_history
2025-11-20,AMZN,84788,HOLD,,0.1,0.1,0.1,0.8,0.2,True,eligible_buy_or_hold,3,4,1.0,0.25,6,rule100_softmax_v1_history
2025-11-20,LRCX,48486,HOLD,,0.1,0.1,0.1,0.8,0.2,True,eligible_buy_or_hold,3,4,1.0,0.25,171,rule100_softmax_v1_history
2025-11-20,MSFT,10107,TIGHTEN,,0.1,0.1,0.0,0.8,0.2,False,tighten_below_hold_threshold,1,4,1.0,0.25,177,rule100_softmax_v1_history
2025-11-20,TSM,85442,TIGHTEN,,0.1,0.1,0.0,0.8,0.2,False,tighten_below_hold_threshold,1,4,1.0,0.25,170,rule100_softmax_v1_history
2025-11-21,AMZN,84788,HOLD,,0.1,0.1,0.1,0.8,0.2,True,eligible_buy_or_hold,3,4,1.0,0.25,7,rule100_softmax_v1_history
2025-11-21,LRCX,48486,HOLD,,0.1,0.1,0.1,0.8,0.2,True,eligible_buy_or_hold,3,4,1.0,0.25,172,rule100_softmax_v1_history
2025-11-21,MSFT,10107,TIGHTEN,,0.1,0.1,0.0,0.8,0.2,False,tighten_below_hold_threshold,1,4,1.0,0.25,178,rule100_softmax_v1_history
2025-11-21,TSM,85442,TIGHTEN,,0.1,0.1,0.0,0.8,0.2,False,tighten_below_hold_threshold,1,4,1.0,0.25,171,rule100_softmax_v1_history
2025-11-24,AMZN,84788,HOLD,,0.1,0.1,0.1,0.7,0.30000000000000004,True,eligible_buy_or_hold,3,4,1.0,0.25,10,rule100_softmax_v1_history
2025-11-24,LRCX,48486,HOLD,,0.1,0.1,0.1,0.7,0.30000000000000004,True,eligible_buy_or_hold,3,4,1.0,0.25,175,rule100_softmax_v1_history
2025-11-24,MSFT,10107,TIGHTEN,,0.1,0.1,0.0,0.7,0.30000000000000004,False,tighten_below_hold_threshold,1,4,1.0,0.25,181,rule100_softmax_v1_history
2025-11-24,TSM,85442,TIGHTEN,,0.1,0.1,0.0,0.7,0.30000000000000004,False,tighten_below_hold_threshold,1,4,1.0,0.25,174,rule100_softmax_v1_history
2025-11-24,WDC,66384,BUY,BUY,0.1,0.1,0.1,0.7,0.30000000000000004,True,eligible_buy_or_hold,3,4,1.0,0.25,0,rule100_softmax_v1_history
2025-11-25,AMZN,84788,HOLD,,0.1,0.1,0.1,0.7,0.30000000000000004,True,eligible_buy_or_hold,3,4,1.0,0.25,11,rule100_softmax_v1_history
2025-11-25,LRCX,48486,HOLD,,0.1,0.1,0.1,0.7,0.30000000000000004,True,eligible_buy_or_hold,3,4,1.0,0.25,176,rule100_softmax_v1_history
2025-11-25,MSFT,10107,TIGHTEN,,0.1,0.1,0.0,0.7,0.30000000000000004,False,tighten_below_hold_threshold,1,4,1.0,0.25,182,rule100_softmax_v1_history
2025-11-25,TSM,85442,TIGHTEN,,0.1,0.1,0.0,0.7,0.30000000000000004,False,tighten_below_hold_threshold,1,4,1.0,0.25,175,rule100_softmax_v1_history
2025-11-25,WDC,66384,HOLD,,0.1,0.1,0.1,0.7,0.30000000000000004,True,eligible_buy_or_hold,3,4,1.0,0.25,1,rule100_softmax_v1_history
2025-11-26,AMZN,84788,HOLD,,0.1,0.1,0.1,0.7,0.30000000000000004,True,eligible_buy_or_hold,3,4,1.0,0.25,12,rule100_softmax_v1_history
2025-11-26,LRCX,48486,HOLD,,0.1,0.1,0.1,0.7,0.30000000000000004,True,eligible_buy_or_hold,3,4,1.0,0.25,177,rule100_softmax_v1_history
2025-11-26,MSFT,10107,TIGHTEN,,0.1,0.1,0.0,0.7,0.30000000000000004,False,tighten_below_hold_threshold,1,4,1.0,0.25,183,rule100_softmax_v1_history
2025-11-26,TSM,85442,TIGHTEN,,0.1,0.1,0.0,0.7,0.30000000000000004,False,tighten_below_hold_threshold,1,4,0.8993,0.224825,176,rule100_softmax_v1_history
2025-11-26,WDC,66384,HOLD,,0.1,0.1,0.1,0.7,0.30000000000000004,True,eligible_buy_or_hold,3,4,1.0,0.25,2,rule100_softmax_v1_history
2025-11-28,AMZN,84788,HOLD,,0.1,0.1,0.1,0.7,0.30000000000000004,True,eligible_buy_or_hold,3,4,1.0,0.25,14,rule100_softmax_v1_history
2025-11-28,LRCX,48486,HOLD,,0.1,0.1,0.1,0.7,0.30000000000000004,True,eligible_buy_or_hold,3,4,1.0,0.25,179,rule100_softmax_v1_history
2025-11-28,MSFT,10107,TIGHTEN,,0.1,0.1,0.0,0.7,0.30000000000000004,False,tighten_below_hold_threshold,1,4,1.0,0.25,185,rule100_softmax_v1_history
2025-11-28,TSM,85442,TIGHTEN,,0.1,0.1,0.0,0.7,0.30000000000000004,False,tighten_below_hold_threshold,1,4,0.75076,0.18769,178,rule100_softmax_v1_history
2025-11-28,WDC,66384,HOLD,,0.1,0.1,0.1,0.7,0.30000000000000004,True,eligible_buy_or_hold,3,4,1.0,0.25,4,rule100_softmax_v1_history
2025-12-01,AMZN,84788,HOLD,,0.1,0.1,0.1,0.7,0.30000000000000004,True,eligible_buy_or_hold,3,4,1.0,0.25,17,rule100_softmax_v1_history
2025-12-01,LRCX,48486,HOLD,,0.1,0.1,0.1,0.7,0.30000000000000004,True,eligible_buy_or_hold,3,4,1.0,0.25,182,rule100_softmax_v1_history
2025-12-01,MSFT,10107,TIGHTEN,,0.1,0.1,0.0,0.7,0.30000000000000004,False,tighten_below_hold_threshold,1,4,1.0,0.25,188,rule100_softmax_v1_history
2025-12-01,TSM,85442,TIGHTEN,,0.1,0.1,0.0,0.7,0.30000000000000004,False,tighten_below_hold_threshold,1,4,0.97246,0.243115,181,rule100_softmax_v1_history
2025-12-01,WDC,66384,HOLD,,0.1,0.1,0.1,0.7,0.30000000000000004,True,eligible_buy_or_hold,3,4,1.0,0.25,7,rule100_softmax_v1_history
2025-12-02,AMZN,84788,HOLD,,0.1,0.1,0.1,0.7,0.30000000000000004,True,eligible_buy_or_hold,3,4,1.0,0.25,18,rule100_softmax_v1_history
2025-12-02,LRCX,48486,HOLD,,0.1,0.1,0.1,0.7,0.30000000000000004,True,eligible_buy_or_hold,3,4,1.0,0.25,183,rule100_softmax_v1_history
2025-12-02,MSFT,10107,TIGHTEN,,0.1,0.1,0.0,0.7,0.30000000000000004,False,tighten_below_hold_threshold,1,4,1.0,0.25,189,rule100_softmax_v1_history
2025-12-02,TSM,85442,TIGHTEN,,0.1,0.1,0.0,0.7,0.30000000000000004,False,tighten_below_hold_threshold,1,4,0.62016,0.15504,182,rule100_softmax_v1_history
2025-12-02,WDC,66384,HOLD,,0.1,0.1,0.1,0.7,0.30000000000000004,True,eligible_buy_or_hold,3,4,1.0,0.25,8,rule100_softmax_v1_history
2025-12-03,AMZN,84788,HOLD,,0.1,0.1,0.1,0.7,0.30000000000000004,True,eligible_buy_or_hold,3,4,1.0,0.25,19,rule100_softmax_v1_history
2025-12-03,LRCX,48486,HOLD,,0.1,0.1,0.1,0.7,0.30000000000000004,True,eligible_buy_or_hold,3,4,1.0,0.25,184,rule100_softmax_v1_history
2025-12-03,MSFT,10107,TIGHTEN,,0.1,0.1,0.0,0.7,0.30000000000000004,False,tighten_below_hold_threshold,1,4,1.0,0.25,190,rule100_softmax_v1_history
2025-12-03,TSM,85442,TIGHTEN,,0.1,0.1,0.0,0.7,0.30000000000000004,False,tighten_below_hold_threshold,1,4,0.39076,0.09769,183,rule100_softmax_v1_history
2025-12-03,WDC,66384,HOLD,,0.1,0.1,0.1,0.7,0.30000000000000004,True,eligible_buy_or_hold,3,4,1.0,0.25,9,rule100_softmax_v1_history
2025-12-04,AMZN,84788,HOLD,,0.1,0.1,0.1,0.7,0.30000000000000004,True,eligible_buy_or_hold,3,4,1.0,0.25,20,rule100_softmax_v1_history
2025-12-04,LRCX,48486,HOLD,,0.1,0.1,0.1,0.7,0.30000000000000004,True,eligible_buy_or_hold,3,4,1.0,0.25,185,rule100_softmax_v1_history
2025-12-04,MSFT,10107,TIGHTEN,,0.1,0.1,0.0,0.7,0.30000000000000004,False,tighten_below_hold_threshold,1,4,1.0,0.25,191,rule100_softmax_v1_history
2025-12-04,TSM,85442,TIGHTEN,,0.1,0.1,0.0,0.7,0.30000000000000004,False,tighten_below_hold_threshold,1,4,0.5640000000000001,0.14100000000000001,184,rule100_softmax_v1_history
2025-12-04,WDC,66384,HOLD,,0.1,0.1,0.1,0.7,0.30000000000000004,True,eligible_buy_or_hold,3,4,1.0,0.25,10,rule100_softmax_v1_history
2025-12-05,AMZN,84788,HOLD,,0.1,0.1,0.1,0.7,0.30000000000000004,True,eligible_buy_or_hold,3,4,1.0,0.25,21,rule100_softmax_v1_history
2025-12-05,LRCX,48486,HOLD,,0.1,0.1,0.1,0.7,0.30000000000000004,True,eligible_buy_or_hold,3,4,1.0,0.25,186,rule100_softmax_v1_history
2025-12-05,MSFT,10107,TIGHTEN,,0.1,0.1,0.0,0.7,0.30000000000000004,False,tighten_below_hold_threshold,1,4,1.0,0.25,192,rule100_softmax_v1_history
2025-12-05,TSM,85442,TIGHTEN,,0.1,0.1,0.0,0.7,0.30000000000000004,False,tighten_below_hold_threshold,1,4,0.45876000000000006,0.11469000000000001,185,rule100_softmax_v1_history
2025-12-05,WDC,66384,HOLD,,0.1,0.1,0.1,0.7,0.30000000000000004,True,eligible_buy_or_hold,3,4,1.0,0.25,11,rule100_softmax_v1_history
2025-12-08,AMZN,84788,HOLD,,0.1,0.1,0.1,0.7,0.30000000000000004,True,eligible_buy_or_hold,3,4,1.0,0.25,24,rule100_softmax_v1_history
2025-12-08,LRCX,48486,HOLD,,0.1,0.1,0.1,0.7,0.30000000000000004,True,eligible_buy_or_hold,3,4,1.0,0.25,189,rule100_softmax_v1_history
2025-12-08,MSFT,10107,TIGHTEN,,0.1,0.1,0.0,0.7,0.30000000000000004,False,tighten_below_hold_threshold,1,4,0.97616,0.24404,195,rule100_softmax_v1_history
2025-12-08,TSM,85442,TIGHTEN,,0.1,0.1,0.0,0.7,0.30000000000000004,False,tighten_below_hold_threshold,1,4,0.01662000000000008,0.00415500000000002,188,rule100_softmax_v1_history
2025-12-08,WDC,66384,HOLD,,0.1,0.1,0.1,0.7,0.30000000000000004,True,eligible_buy_or_hold,3,4,1.0,0.25,14,rule100_softmax_v1_history
2025-12-09,AMZN,84788,HOLD,,0.1,0.1,0.1,0.7,0.30000000000000004,True,eligible_buy_or_hold,3,4,1.0,0.25,25,rule100_softmax_v1_history
2025-12-09,LRCX,48486,HOLD,,0.1,0.1,0.1,0.7,0.30000000000000004,True,eligible_buy_or_hold,3,4,1.0,0.25,190,rule100_softmax_v1_history
2025-12-09,MSFT,10107,TIGHTEN,,0.1,0.1,0.0,0.7,0.30000000000000004,False,tighten_below_hold_threshold,1,4,0.90868,0.22717,196,rule100_softmax_v1_history
2025-12-09,TSM,85442,TIGHTEN,,0.1,0.1,0.0,0.7,0.30000000000000004,False,tighten_below_hold_threshold,1,4,0.0,0.0,189,rule100_softmax_v1_history
2025-12-09,WDC,66384,HOLD,,0.1,0.1,0.1,0.7,0.30000000000000004,True,eligible_buy_or_hold,3,4,1.0,0.25,15,rule100_softmax_v1_history
2025-12-10,AMZN,84788,HOLD,,0.1,0.1,0.1,0.7,0.30000000000000004,True,eligible_buy_or_hold,3,4,1.0,0.25,26,rule100_softmax_v1_history
2025-12-10,LRCX,48486,HOLD,,0.1,0.1,0.1,0.7,0.30000000000000004,True,eligible_buy_or_hold,3,4,1.0,0.25,191,rule100_softmax_v1_history
2025-12-10,MSFT,10107,TIGHTEN,,0.1,0.1,0.0,0.7,0.30000000000000004,False,tighten_below_hold_threshold,1,4,1.0,0.25,197,rule100_softmax_v1_history
2025-12-10,TSM,85442,TIGHTEN,,0.1,0.1,0.0,0.7,0.30000000000000004,False,tighten_below_hold_threshold,1,4,0.0,0.0,190,rule100_softmax_v1_history
2025-12-10,WDC,66384,TRIM,,0.1,0.1,0.1,0.7,0.30000000000000004,True,eligible_buy_or_hold,2,4,1.0,0.25,16,rule100_softmax_v1_history
2025-12-11,AMZN,84788,HOLD,,0.1,0.1,0.1,0.7,0.30000000000000004,True,eligible_buy_or_hold,3,4,1.0,0.25,27,rule100_softmax_v1_history
2025-12-11,LRCX,48486,HOLD,,0.1,0.1,0.1,0.7,0.30000000000000004,True,eligible_buy_or_hold,3,4,1.0,0.25,192,rule100_softmax_v1_history
2025-12-11,MSFT,10107,TIGHTEN,,0.1,0.1,0.0,0.7,0.30000000000000004,False,tighten_below_hold_threshold,1,4,1.0,0.25,198,rule100_softmax_v1_history
2025-12-11,TSM,85442,TIGHTEN,,0.1,0.1,0.0,0.7,0.30000000000000004,False,tighten_below_hold_threshold,1,4,0.0,0.0,191,rule100_softmax_v1_history
2025-12-11,WDC,66384,TRIM,,0.1,0.1,0.1,0.7,0.30000000000000004,True,eligible_buy_or_hold,3,4,1.0,0.25,17,rule100_softmax_v1_history
2025-12-12,AMZN,84788,HOLD,,0.1,0.1,0.1,0.7,0.30000000000000004,True,eligible_buy_or_hold,3,4,1.0,0.25,28,rule100_softmax_v1_history
2025-12-12,LRCX,48486,HOLD,,0.1,0.1,0.1,0.7,0.30000000000000004,True,eligible_buy_or_hold,3,4,1.0,0.25,193,rule100_softmax_v1_history
2025-12-12,MSFT,10107,TIGHTEN,,0.1,0.1,0.0,0.7,0.30000000000000004,False,tighten_below_hold_threshold,1,4,1.0,0.25,199,rule100_softmax_v1_history
2025-12-12,TSM,85442,TIGHTEN,,0.1,0.1,0.0,0.7,0.30000000000000004,False,tighten_below_hold_threshold,1,4,0.83016,0.20754,192,rule100_softmax_v1_history
2025-12-12,WDC,66384,HOLD,,0.1,0.1,0.1,0.7,0.30000000000000004,True,eligible_buy_or_hold,3,4,1.0,0.25,18,rule100_softmax_v1_history
2025-12-15,AMZN,84788,HOLD,,0.1,0.1,0.1,0.7,0.30000000000000004,True,eligible_buy_or_hold,2,4,1.0,0.25,31,rule100_softmax_v1_history
2025-12-15,LRCX,48486,HOLD,,0.1,0.1,0.1,0.7,0.30000000000000004,True,eligible_buy_or_hold,3,4,1.0,0.25,196,rule100_softmax_v1_history
2025-12-15,MSFT,10107,TIGHTEN,,0.1,0.1,0.0,0.7,0.30000000000000004,False,tighten_below_hold_threshold,1,4,1.0,0.25,202,rule100_softmax_v1_history
2025-12-15,TSM,85442,TIGHTEN,,0.1,0.1,0.0,0.7,0.30000000000000004,False,tighten_below_hold_threshold,1,4,1.0,0.25,195,rule100_softmax_v1_history
2025-12-15,WDC,66384,HOLD,,0.1,0.1,0.1,0.7,0.30000000000000004,True,eligible_buy_or_hold,3,4,1.0,0.25,21,rule100_softmax_v1_history
2025-12-16,AMZN,84788,HOLD,,0.1,0.1,0.1,0.6,0.4,True,eligible_buy_or_hold,3,4,1.0,0.25,32,rule100_softmax_v1_history
2025-12-16,AVGO,93002,BUY,BUY,0.1,0.1,0.1,0.6,0.4,True,eligible_buy_or_hold,3,4,1.0,0.25,0,rule100_softmax_v1_history
2025-12-16,LRCX,48486,HOLD,,0.1,0.1,0.1,0.6,0.4,True,eligible_buy_or_hold,3,4,1.0,0.25,197,rule100_softmax_v1_history
2025-12-16,MSFT,10107,TIGHTEN,,0.1,0.1,0.0,0.6,0.4,False,tighten_below_hold_threshold,1,4,1.0,0.25,203,rule100_softmax_v1_history
2025-12-16,TSM,85442,TIGHTEN,,0.1,0.1,0.0,0.6,0.4,False,tighten_below_hold_threshold,1,4,1.0,0.25,196,rule100_softmax_v1_history
2025-12-16,WDC,66384,HOLD,,0.1,0.1,0.1,0.6,0.4,True,eligible_buy_or_hold,3,4,1.0,0.25,22,rule100_softmax_v1_history
2025-12-17,AMZN,84788,HOLD,,0.1,0.1,0.1,0.6,0.4,True,eligible_buy_or_hold,3,4,1.0,0.25,33,rule100_softmax_v1_history
2025-12-17,AVGO,93002,HOLD,,0.1,0.1,0.1,0.6,0.4,True,eligible_buy_or_hold,3,4,1.0,0.25,1,rule100_softmax_v1_history
2025-12-17,LRCX,48486,HOLD,,0.1,0.1,0.1,0.6,0.4,True,eligible_buy_or_hold,3,4,1.0,0.25,198,rule100_softmax_v1_history
2025-12-17,MSFT,10107,TIGHTEN,,0.1,0.1,0.0,0.6,0.4,False,tighten_below_hold_threshold,1,4,1.0,0.25,204,rule100_softmax_v1_history
2025-12-17,TSM,85442,TIGHTEN,,0.1,0.1,0.0,0.6,0.4,False,tighten_below_hold_threshold,1,4,1.0,0.25,197,rule100_softmax_v1_history
2025-12-17,WDC,66384,HOLD,,0.1,0.1,0.1,0.6,0.4,True,eligible_buy_or_hold,3,4,1.0,0.25,23,rule100_softmax_v1_history
2025-12-18,AMZN,84788,HOLD,,0.1,0.1,0.1,0.6,0.4,True,eligible_buy_or_hold,3,4,1.0,0.25,34,rule100_softmax_v1_history
2025-12-18,AVGO,93002,HOLD,,0.1,0.1,0.1,0.6,0.4,True,eligible_buy_or_hold,3,4,1.0,0.25,2,rule100_softmax_v1_history
2025-12-18,LRCX,48486,HOLD,,0.1,0.1,0.1,0.6,0.4,True,eligible_buy_or_hold,3,4,1.0,0.25,199,rule100_softmax_v1_history
2025-12-18,MSFT,10107,TIGHTEN,,0.1,0.1,0.0,0.6,0.4,False,tighten_below_hold_threshold,1,4,0.90206,0.225515,205,rule100_softmax_v1_history
2025-12-18,TSM,85442,TIGHTEN,,0.1,0.1,0.0,0.6,0.4,False,tighten_below_hold_threshold,1,4,1.0,0.25,198,rule100_softmax_v1_history
2025-12-18,WDC,66384,HOLD,,0.1,0.1,0.1,0.6,0.4,True,eligible_buy_or_hold,2,4,1.0,0.25,24,rule100_softmax_v1_history
2025-12-19,AMZN,84788,HOLD,,0.1,0.1,0.1,0.6,0.4,True,eligible_buy_or_hold,3,4,1.0,0.25,35,rule100_softmax_v1_history
2025-12-19,AVGO,93002,HOLD,,0.1,0.1,0.1,0.6,0.4,True,eligible_buy_or_hold,3,4,1.0,0.25,3,rule100_softmax_v1_history
2025-12-19,LRCX,48486,HOLD,,0.1,0.1,0.1,0.6,0.4,True,eligible_buy_or_hold,3,4,1.0,0.25,200,rule100_softmax_v1_history
2025-12-19,MSFT,10107,TIGHTEN,,0.1,0.1,0.0,0.6,0.4,False,tighten_below_hold_threshold,1,4,0.83718,0.209295,206,rule100_softmax_v1_history
2025-12-19,TSM,85442,TIGHTEN,,0.1,0.1,0.0,0.6,0.4,False,tighten_below_hold_threshold,1,4,1.0,0.25,199,rule100_softmax_v1_history
2025-12-19,WDC,66384,HOLD,,0.1,0.1,0.1,0.6,0.4,True,eligible_buy_or_hold,2,4,1.0,0.25,25,rule100_softmax_v1_history
2025-12-22,AMZN,84788,HOLD,,0.1,0.1,0.1,0.6,0.4,True,eligible_buy_or_hold,3,4,1.0,0.25,38,rule100_softmax_v1_history
2025-12-22,AVGO,93002,HOLD,,0.1,0.1,0.1,0.6,0.4,True,eligible_buy_or_hold,3,4,1.0,0.25,6,rule100_softmax_v1_history
2025-12-22,LRCX,48486,HOLD,,0.1,0.1,0.1,0.6,0.4,True,eligible_buy_or_hold,3,4,1.0,0.25,203,rule100_softmax_v1_history
2025-12-22,MSFT,10107,TIGHTEN,,0.1,0.1,0.0,0.6,0.4,False,tighten_below_hold_threshold,1,4,0.9053599999999999,0.22633999999999999,209,rule100_softmax_v1_history
2025-12-22,TSM,85442,TIGHTEN,,0.1,0.1,0.0,0.6,0.4,False,tighten_below_hold_threshold,1,4,0.8949400000000001,0.22373500000000002,202,rule100_softmax_v1_history
2025-12-22,WDC,66384,HOLD,,0.1,0.1,0.1,0.6,0.4,True,eligible_buy_or_hold,3,4,1.0,0.25,28,rule100_softmax_v1_history
2025-12-23,AMZN,84788,HOLD,,0.1,0.1,0.1,0.6,0.4,True,eligible_buy_or_hold,3,4,1.0,0.25,39,rule100_softmax_v1_history
2025-12-23,AVGO,93002,HOLD,,0.1,0.1,0.1,0.6,0.4,True,eligible_buy_or_hold,3,4,1.0,0.25,7,rule100_softmax_v1_history
2025-12-23,LRCX,48486,HOLD,,0.1,0.1,0.1,0.6,0.4,True,eligible_buy_or_hold,3,4,1.0,0.25,204,rule100_softmax_v1_history
2025-12-23,MSFT,10107,TIGHTEN,,0.1,0.1,0.0,0.6,0.4,False,tighten_below_hold_threshold,1,4,0.8522000000000001,0.21305000000000002,210,rule100_softmax_v1_history
2025-12-23,TSM,85442,TIGHTEN,,0.1,0.1,0.0,0.6,0.4,False,tighten_below_hold_threshold,1,4,0.68886,0.172215,203,rule100_softmax_v1_history
2025-12-23,WDC,66384,HOLD,,0.1,0.1,0.1,0.6,0.4,True,eligible_buy_or_hold,3,4,1.0,0.25,29,rule100_softmax_v1_history
2025-12-24,AMZN,84788,HOLD,,0.1,0.1,0.1,0.6,0.4,True,eligible_buy_or_hold,3,4,1.0,0.25,40,rule100_softmax_v1_history
2025-12-24,AVGO,93002,HOLD,,0.1,0.1,0.1,0.6,0.4,True,eligible_buy_or_hold,3,4,1.0,0.25,8,rule100_softmax_v1_history
2025-12-24,LRCX,48486,HOLD,,0.1,0.1,0.1,0.6,0.4,True,eligible_buy_or_hold,3,4,1.0,0.25,205,rule100_softmax_v1_history
2025-12-24,MSFT,10107,TIGHTEN,,0.1,0.1,0.0,0.6,0.4,False,tighten_below_hold_threshold,1,4,0.8268,0.2067,211,rule100_softmax_v1_history
2025-12-24,TSM,85442,TIGHTEN,,0.1,0.1,0.0,0.6,0.4,False,tighten_below_hold_threshold,1,4,0.61422,0.153555,204,rule100_softmax_v1_history
2025-12-24,WDC,66384,HOLD,,0.1,0.1,0.1,0.6,0.4,True,eligible_buy_or_hold,3,4,1.0,0.25,30,rule100_softmax_v1_history
2025-12-26,AMZN,84788,HOLD,,0.1,0.1,0.1,0.6,0.4,True,eligible_buy_or_hold,3,4,1.0,0.25,42,rule100_softmax_v1_history
2025-12-26,AVGO,93002,HOLD,,0.1,0.1,0.1,0.6,0.4,True,eligible_buy_or_hold,3,4,1.0,0.25,10,rule100_softmax_v1_history
2025-12-26,LRCX,48486,HOLD,,0.1,0.1,0.1,0.6,0.4,True,eligible_buy_or_hold,3,4,1.0,0.25,207,rule100_softmax_v1_history
2025-12-26,MSFT,10107,TIGHTEN,,0.1,0.1,0.0,0.6,0.4,False,tighten_below_hold_threshold,1,4,0.84422,0.211055,213,rule100_softmax_v1_history
2025-12-26,TSM,85442,TIGHTEN,,0.1,0.1,0.0,0.6,0.4,False,tighten_below_hold_threshold,1,4,0.3866200000000001,0.09665500000000002,206,rule100_softmax_v1_history
2025-12-26,WDC,66384,HOLD,,0.1,0.1,0.1,0.6,0.4,True,eligible_buy_or_hold,3,4,1.0,0.25,32,rule100_softmax_v1_history
2025-12-29,AMZN,84788,HOLD,,0.1,0.1,0.1,0.6,0.4,True,eligible_buy_or_hold,2,4,1.0,0.25,45,rule100_softmax_v1_history
2025-12-29,AVGO,93002,HOLD,,0.1,0.1,0.1,0.6,0.4,True,eligible_buy_or_hold,3,4,1.0,0.25,13,rule100_softmax_v1_history
2025-12-29,LRCX,48486,HOLD,,0.1,0.1,0.1,0.6,0.4,True,eligible_buy_or_hold,3,4,1.0,0.25,210,rule100_softmax_v1_history
2025-12-29,MSFT,10107,TIGHTEN,,0.1,0.1,0.0,0.6,0.4,False,tighten_below_hold_threshold,1,4,0.8592,0.2148,216,rule100_softmax_v1_history
2025-12-29,TSM,85442,TIGHTEN,,0.1,0.1,0.0,0.6,0.4,False,tighten_below_hold_threshold,1,4,0.55278,0.138195,209,rule100_softmax_v1_history
2025-12-29,WDC,66384,HOLD,,0.1,0.1,0.1,0.6,0.4,True,eligible_buy_or_hold,3,4,1.0,0.25,35,rule100_softmax_v1_history
2025-12-30,AMZN,84788,HOLD,,0.1,0.1,0.1,0.6,0.4,True,eligible_buy_or_hold,2,4,1.0,0.25,46,rule100_softmax_v1_history
2025-12-30,AVGO,93002,HOLD,,0.1,0.1,0.1,0.6,0.4,True,eligible_buy_or_hold,3,4,1.0,0.25,14,rule100_softmax_v1_history
2025-12-30,LRCX,48486,HOLD,,0.1,0.1,0.1,0.6,0.4,True,eligible_buy_or_hold,3,4,1.0,0.25,211,rule100_softmax_v1_history
2025-12-30,MSFT,10107,TIGHTEN,,0.1,0.1,0.0,0.6,0.4,False,tighten_below_hold_threshold,1,4,0.84504,0.21126,217,rule100_softmax_v1_history
2025-12-30,TSM,85442,TIGHTEN,,0.1,0.1,0.0,0.6,0.4,False,tighten_below_hold_threshold,1,4,0.68756,0.17189,210,rule100_softmax_v1_history
2025-12-30,WDC,66384,HOLD,,0.1,0.1,0.1,0.6,0.4,True,eligible_buy_or_hold,3,4,1.0,0.25,36,rule100_softmax_v1_history
2025-12-31,AMZN,84788,HOLD,,0.1,0.1,0.1,0.6,0.4,True,eligible_buy_or_hold,2,4,1.0,0.25,47,rule100_softmax_v1_history
2025-12-31,AVGO,93002,HOLD,,0.1,0.1,0.1,0.6,0.4,True,eligible_buy_or_hold,3,4,1.0,0.25,15,rule100_softmax_v1_history
2025-12-31,LRCX,48486,HOLD,,0.1,0.1,0.1,0.6,0.4,True,eligible_buy_or_hold,3,4,1.0,0.25,212,rule100_softmax_v1_history
2025-12-31,MSFT,10107,TIGHTEN,,0.1,0.1,0.0,0.6,0.4,False,tighten_below_hold_threshold,1,4,0.99144,0.24786,218,rule100_softmax_v1_history
2025-12-31,TSM,85442,TIGHTEN,,0.1,0.1,0.0,0.6,0.4,False,tighten_below_hold_threshold,1,4,0.43920000000000003,0.10980000000000001,211,rule100_softmax_v1_history
2025-12-31,WDC,66384,HOLD,,0.1,0.1,0.1,0.6,0.4,True,eligible_buy_or_hold,3,4,1.0,0.25,37,rule100_softmax_v1_history
2026-01-02,AMZN,84788,HOLD,,0.1,0.1,0.1,0.6,0.4,True,eligible_buy_or_hold,2,4,1.0,0.25,49,rule100_softmax_v1_history
2026-01-02,AVGO,93002,HOLD,,0.1,0.1,0.1,0.6,0.4,True,eligible_buy_or_hold,3,4,1.0,0.25,17,rule100_softmax_v1_history
2026-01-02,LRCX,48486,HOLD,,0.1,0.1,0.1,0.6,0.4,True,eligible_buy_or_hold,3,4,1.0,0.25,214,rule100_softmax_v1_history
2026-01-02,MSFT,10107,HOLD,,0.1,0.1,0.0,0.6,0.4,False,exit_or_trend_veto_block,1,4,0.0,0.0,220,rule100_softmax_v1_history
2026-01-02,TSM,85442,TIGHTEN,,0.1,0.1,0.0,0.6,0.4,False,tighten_below_hold_threshold,1,4,0.0,0.0,213,rule100_softmax_v1_history
2026-01-02,WDC,66384,HOLD,,0.1,0.1,0.1,0.6,0.4,True,eligible_buy_or_hold,3,4,1.0,0.25,39,rule100_softmax_v1_history
2026-01-05,AMZN,84788,HOLD,,0.1,0.1,0.1,0.6,0.4,True,eligible_buy_or_hold,2,4,1.0,0.25,52,rule100_softmax_v1_history
2026-01-05,AVGO,93002,HOLD,,0.1,0.1,0.1,0.6,0.4,True,eligible_buy_or_hold,3,4,1.0,0.25,20,rule100_softmax_v1_history
2026-01-05,LRCX,48486,TRIM,,0.1,0.1,0.1,0.6,0.4,True,eligible_buy_or_hold,3,4,1.0,0.25,217,rule100_softmax_v1_history
2026-01-05,MSFT,10107,EXIT,SELL,0.0,0.0,0.0,0.6,0.4,False,flat_after_sell,1,4,0.0,,223,rule100_softmax_v1_history
2026-01-05,TSM,85442,TIGHTEN,,0.1,0.1,0.0,0.6,0.4,False,tighten_below_hold_threshold,1,4,0.0,0.0,216,rule100_softmax_v1_history
2026-01-05,WDC,66384,HOLD,,0.1,0.1,0.1,0.6,0.4,True,eligible_buy_or_hold,3,4,1.0,0.25,42,rule100_softmax_v1_history
2026-01-06,AMZN,84788,HOLD,,0.1,0.1,0.1,0.7,0.30000000000000004,True,eligible_buy_or_hold,2,4,1.0,0.25,53,rule100_softmax_v1_history
2026-01-06,AVGO,93002,HOLD,,0.1,0.1,0.1,0.7,0.30000000000000004,True,eligible_buy_or_hold,3,4,1.0,0.25,21,rule100_softmax_v1_history
2026-01-06,LRCX,48486,TRIM,,0.1,0.1,0.1,0.7,0.30000000000000004,True,eligible_buy_or_hold,3,4,1.0,0.25,218,rule100_softmax_v1_history
2026-01-06,TSM,85442,TIGHTEN,,0.1,0.1,0.0,0.7,0.30000000000000004,False,tighten_below_hold_threshold,1,4,0.0,0.0,217,rule100_softmax_v1_history
2026-01-06,WDC,66384,EXIT,SELL,0.0,0.0,0.0,0.7,0.30000000000000004,False,flat_after_sell,3,4,0.0,,43,rule100_softmax_v1_history
2026-01-07,AMZN,84788,HOLD,,0.1,0.1,0.1,0.7,0.30000000000000004,True,eligible_buy_or_hold,2,4,1.0,0.25,54,rule100_softmax_v1_history
2026-01-07,AVGO,93002,HOLD,,0.1,0.1,0.1,0.7,0.30000000000000004,True,eligible_buy_or_hold,3,4,1.0,0.25,22,rule100_softmax_v1_history
2026-01-07,LRCX,48486,TRIM,,0.1,0.1,0.1,0.7,0.30000000000000004,True,eligible_buy_or_hold,3,4,1.0,0.25,219,rule100_softmax_v1_history
2026-01-07,TSM,85442,TIGHTEN,,0.1,0.1,0.0,0.7,0.30000000000000004,False,tighten_below_hold_threshold,1,4,0.0,0.0,218,rule100_softmax_v1_history
2026-01-08,AMZN,84788,HOLD,,0.1,0.1,0.1,0.7,0.30000000000000004,True,eligible_buy_or_hold,2,4,1.0,0.25,55,rule100_softmax_v1_history
2026-01-08,AVGO,93002,HOLD,,0.1,0.1,0.1,0.7,0.30000000000000004,True,eligible_buy_or_hold,3,4,1.0,0.25,23,rule100_softmax_v1_history
2026-01-08,LRCX,48486,TRIM,,0.1,0.1,0.1,0.7,0.30000000000000004,True,eligible_buy_or_hold,3,4,1.0,0.25,220,rule100_softmax_v1_history
2026-01-08,TSM,85442,TIGHTEN,,0.1,0.1,0.0,0.7,0.30000000000000004,False,tighten_below_hold_threshold,1,4,0.0,0.0,219,rule100_softmax_v1_history
2026-01-09,AMZN,84788,HOLD,,0.1,0.1,0.1,0.8,0.2,True,eligible_buy_or_hold,2,4,1.0,0.25,56,rule100_softmax_v1_history
2026-01-09,AVGO,93002,HOLD,,0.1,0.1,0.1,0.8,0.2,True,eligible_buy_or_hold,3,4,1.0,0.25,24,rule100_softmax_v1_history
2026-01-09,LRCX,48486,EXIT,SELL,0.0,0.0,0.0,0.8,0.2,False,flat_after_sell,3,4,0.0,,221,rule100_softmax_v1_history
2026-01-09,TSM,85442,TIGHTEN,,0.1,0.1,0.0,0.8,0.2,False,tighten_below_hold_threshold,1,4,0.0,0.0,220,rule100_softmax_v1_history
2026-01-12,AMZN,84788,HOLD,,0.1,0.1,0.1,0.8,0.2,True,eligible_buy_or_hold,2,4,1.0,0.25,59,rule100_softmax_v1_history
2026-01-12,AVGO,93002,HOLD,,0.1,0.1,0.1,0.8,0.2,True,eligible_buy_or_hold,3,4,1.0,0.25,27,rule100_softmax_v1_history
2026-01-12,TSM,85442,TIGHTEN,,0.1,0.1,0.0,0.8,0.2,False,tighten_below_hold_threshold,1,4,0.0,0.0,223,rule100_softmax_v1_history
2026-01-13,AMZN,84788,HOLD,,0.1,0.1,0.1,0.8,0.2,True,eligible_buy_or_hold,2,4,1.0,0.25,60,rule100_softmax_v1_history
2026-01-13,AVGO,93002,HOLD,,0.1,0.1,0.1,0.8,0.2,True,eligible_buy_or_hold,3,4,1.0,0.25,28,rule100_softmax_v1_history
2026-01-13,TSM,85442,TIGHTEN,,0.1,0.1,0.0,0.8,0.2,False,tighten_below_hold_threshold,1,4,0.0,0.0,224,rule100_softmax_v1_history
2026-01-14,AMZN,84788,TIGHTEN,,0.1,0.1,0.0,0.9,0.1,False,tighten_below_hold_threshold,1,4,0.77468,0.19367,61,rule100_softmax_v1_history
2026-01-14,AVGO,93002,HOLD,,0.1,0.1,0.1,0.9,0.1,True,eligible_buy_or_hold,3,4,1.0,0.25,29,rule100_softmax_v1_history
2026-01-14,TSM,85442,TIGHTEN,,0.1,0.1,0.0,0.9,0.1,False,tighten_below_hold_threshold,1,4,0.0,0.0,225,rule100_softmax_v1_history
2026-01-15,AMZN,84788,HOLD,,0.1,0.1,0.1,0.8,0.2,True,eligible_buy_or_hold,2,4,1.0,0.25,62,rule100_softmax_v1_history
2026-01-15,AVGO,93002,HOLD,,0.1,0.1,0.1,0.8,0.2,True,eligible_buy_or_hold,3,4,1.0,0.25,30,rule100_softmax_v1_history
2026-01-15,TSM,85442,TIGHTEN,,0.1,0.1,0.0,0.8,0.2,False,tighten_below_hold_threshold,1,4,0.0,0.0,226,rule100_softmax_v1_history
2026-01-16,AMZN,84788,HOLD,,0.1,0.1,0.1,0.8,0.2,True,eligible_buy_or_hold,2,4,1.0,0.25,63,rule100_softmax_v1_history
2026-01-16,AVGO,93002,HOLD,,0.1,0.1,0.1,0.8,0.2,True,eligible_buy_or_hold,3,4,1.0,0.25,31,rule100_softmax_v1_history
2026-01-16,TSM,85442,TIGHTEN,,0.1,0.1,0.0,0.8,0.2,False,tighten_below_hold_threshold,1,4,0.0,0.0,227,rule100_softmax_v1_history
2026-01-20,AMZN,84788,HOLD,,0.1,0.1,0.1,0.8,0.2,True,eligible_buy_or_hold,2,4,1.0,0.25,67,rule100_softmax_v1_history
2026-01-20,AVGO,93002,HOLD,,0.1,0.1,0.1,0.8,0.2,True,eligible_buy_or_hold,3,4,1.0,0.25,35,rule100_softmax_v1_history
2026-01-20,TSM,85442,TIGHTEN,,0.1,0.1,0.0,0.8,0.2,False,tighten_below_hold_threshold,1,4,0.28092000000000006,0.07023000000000001,231,rule100_softmax_v1_history
2026-01-21,AMZN,84788,HOLD,,0.1,0.1,0.1,0.8,0.2,True,eligible_buy_or_hold,2,4,1.0,0.25,68,rule100_softmax_v1_history
2026-01-21,AVGO,93002,HOLD,,0.1,0.1,0.1,0.8,0.2,True,eligible_buy_or_hold,3,4,1.0,0.25,36,rule100_softmax_v1_history
2026-01-21,TSM,85442,TIGHTEN,,0.1,0.1,0.0,0.8,0.2,False,tighten_below_hold_threshold,1,4,0.46762000000000004,0.11690500000000001,232,rule100_softmax_v1_history
2026-01-22,AMZN,84788,HOLD,,0.1,0.1,0.1,0.8,0.2,True,eligible_buy_or_hold,2,4,1.0,0.25,69,rule100_softmax_v1_history
2026-01-22,AVGO,93002,HOLD,,0.1,0.1,0.1,0.8,0.2,True,eligible_buy_or_hold,3,4,1.0,0.25,37,rule100_softmax_v1_history
2026-01-22,TSM,85442,TIGHTEN,,0.1,0.1,0.0,0.8,0.2,False,tighten_below_hold_threshold,1,4,0.49892000000000003,0.12473000000000001,233,rule100_softmax_v1_history
2026-01-23,AMZN,84788,HOLD,,0.1,0.1,0.1,0.8,0.2,True,eligible_buy_or_hold,2,4,1.0,0.25,70,rule100_softmax_v1_history
2026-01-23,AVGO,93002,HOLD,,0.1,0.1,0.1,0.8,0.2,True,eligible_buy_or_hold,3,4,1.0,0.25,38,rule100_softmax_v1_history
2026-01-23,TSM,85442,TIGHTEN,,0.1,0.1,0.0,0.8,0.2,False,tighten_below_hold_threshold,1,4,0.15300000000000002,0.038250000000000006,234,rule100_softmax_v1_history
2026-01-26,AMZN,84788,HOLD,,0.1,0.1,0.1,0.8,0.2,True,eligible_buy_or_hold,2,4,1.0,0.25,73,rule100_softmax_v1_history
2026-01-26,AVGO,93002,HOLD,,0.1,0.1,0.1,0.8,0.2,True,eligible_buy_or_hold,3,4,1.0,0.25,41,rule100_softmax_v1_history
2026-01-26,TSM,85442,TIGHTEN,,0.1,0.1,0.0,0.8,0.2,False,tighten_below_hold_threshold,1,4,0.39622,0.099055,237,rule100_softmax_v1_history
2026-01-27,AMZN,84788,HOLD,,0.1,0.1,0.1,0.8,0.2,True,eligible_buy_or_hold,2,4,1.0,0.25,74,rule100_softmax_v1_history
2026-01-27,AVGO,93002,HOLD,,0.1,0.1,0.1,0.8,0.2,True,eligible_buy_or_hold,3,4,1.0,0.25,42,rule100_softmax_v1_history
2026-01-27,TSM,85442,TIGHTEN,,0.1,0.1,0.0,0.8,0.2,False,tighten_below_hold_threshold,1,4,0.16208,0.04052,238,rule100_softmax_v1_history
2026-01-28,AMZN,84788,HOLD,,0.1,0.1,0.1,0.8,0.2,True,eligible_buy_or_hold,2,4,1.0,0.25,75,rule100_softmax_v1_history
2026-01-28,AVGO,93002,HOLD,,0.1,0.1,0.1,0.8,0.2,True,eligible_buy_or_hold,3,4,1.0,0.25,43,rule100_softmax_v1_history
2026-01-28,TSM,85442,TIGHTEN,,0.1,0.1,0.0,0.8,0.2,False,tighten_below_hold_threshold,1,4,0.05166000000000004,0.01291500000000001,239,rule100_softmax_v1_history
2026-01-29,AMZN,84788,HOLD,,0.1,0.1,0.1,0.8,0.2,True,eligible_buy_or_hold,2,4,1.0,0.25,76,rule100_softmax_v1_history
2026-01-29,AVGO,93002,HOLD,,0.1,0.1,0.1,0.8,0.2,True,eligible_buy_or_hold,2,4,1.0,0.25,44,rule100_softmax_v1_history
2026-01-29,TSM,85442,TIGHTEN,,0.1,0.1,0.0,0.8,0.2,False,tighten_below_hold_threshold,1,4,0.34626,0.086565,240,rule100_softmax_v1_history
2026-01-30,AMZN,84788,HOLD,,0.1,0.1,0.1,0.8,0.2,True,eligible_buy_or_hold,2,4,1.0,0.25,77,rule100_softmax_v1_history
2026-01-30,AVGO,93002,HOLD,,0.1,0.1,0.1,0.8,0.2,True,eligible_buy_or_hold,2,4,1.0,0.25,45,rule100_softmax_v1_history
2026-01-30,TSM,85442,TIGHTEN,,0.1,0.1,0.0,0.8,0.2,False,tighten_below_hold_threshold,1,4,0.97432,0.24358,241,rule100_softmax_v1_history
2026-02-02,AMZN,84788,HOLD,,0.1,0.1,0.1,0.8,0.2,True,eligible_buy_or_hold,2,4,1.0,0.25,80,rule100_softmax_v1_history
2026-02-02,AVGO,93002,HOLD,,0.1,0.1,0.1,0.8,0.2,True,eligible_buy_or_hold,2,4,1.0,0.25,48,rule100_softmax_v1_history
2026-02-02,TSM,85442,TIGHTEN,,0.1,0.1,0.0,0.8,0.2,False,tighten_below_hold_threshold,1,4,0.38793999999999995,0.09698499999999999,244,rule100_softmax_v1_history
2026-02-03,AMZN,84788,HOLD,,0.1,0.1,0.1,0.8,0.2,True,eligible_buy_or_hold,2,4,1.0,0.25,81,rule100_softmax_v1_history
2026-02-03,AVGO,93002,HOLD,,0.1,0.1,0.1,0.8,0.2,True,eligible_buy_or_hold,2,4,1.0,0.25,49,rule100_softmax_v1_history
2026-02-03,TSM,85442,TIGHTEN,,0.1,0.1,0.0,0.8,0.2,False,tighten_below_hold_threshold,1,4,0.76792,0.19198,245,rule100_softmax_v1_history
2026-02-04,AMZN,84788,HOLD,,0.1,0.1,0.1,0.8,0.2,True,eligible_buy_or_hold,2,4,1.0,0.25,82,rule100_softmax_v1_history
2026-02-04,AVGO,93002,HOLD,,0.1,0.1,0.1,0.8,0.2,True,eligible_buy_or_hold,2,4,1.0,0.25,50,rule100_softmax_v1_history
2026-02-04,TSM,85442,TIGHTEN,,0.1,0.1,0.0,0.8,0.2,False,tighten_below_hold_threshold,1,4,1.0,0.25,246,rule100_softmax_v1_history
2026-02-05,AMZN,84788,HOLD,,0.1,0.1,0.0,0.8,0.2,False,exit_or_trend_veto_block,0,1,0.0,0.0,83,rule100_softmax_v1_history
2026-02-05,AVGO,93002,HOLD,,0.1,0.1,0.1,0.8,0.2,True,eligible_buy_or_hold,2,4,1.0,0.25,51,rule100_softmax_v1_history
2026-02-05,LRCX,48486,BUY,BUY,0.1,0.1,0.1,0.8,0.2,True,eligible_buy_or_hold,3,4,1.0,0.25,0,rule100_softmax_v1_history
2026-02-05,TSM,85442,TIGHTEN,,0.1,0.1,0.0,0.8,0.2,False,tighten_below_hold_threshold,1,4,1.0,0.25,247,rule100_softmax_v1_history
2026-02-06,AMZN,84788,EXIT,SELL,0.0,0.0,0.0,0.7,0.30000000000000004,False,flat_after_sell,3,4,0.0,,84,rule100_softmax_v1_history
2026-02-06,AVGO,93002,HOLD,,0.1,0.1,0.1,0.7,0.30000000000000004,True,eligible_buy_or_hold,2,4,1.0,0.25,52,rule100_softmax_v1_history
2026-02-06,LRCX,48486,HOLD,,0.1,0.1,0.1,0.7,0.30000000000000004,True,eligible_buy_or_hold,3,4,1.0,0.25,1,rule100_softmax_v1_history
2026-02-06,MU,53613,BUY,BUY,0.1,0.1,0.1,0.7,0.30000000000000004,True,eligible_buy_or_hold,3,4,1.0,0.25,0,rule100_softmax_v1_history
2026-02-06,TSM,85442,TIGHTEN,,0.1,0.1,0.0,0.7,0.30000000000000004,False,tighten_below_hold_threshold,1,4,0.10818000000000005,0.027045000000000013,248,rule100_softmax_v1_history
2026-02-09,AVGO,93002,HOLD,,0.1,0.1,0.1,0.7,0.30000000000000004,True,eligible_buy_or_hold,2,4,1.0,0.25,55,rule100_softmax_v1_history
2026-02-09,LRCX,48486,HOLD,,0.1,0.1,0.1,0.7,0.30000000000000004,True,eligible_buy_or_hold,3,4,1.0,0.25,4,rule100_softmax_v1_history
2026-02-09,MU,53613,HOLD,,0.1,0.1,0.1,0.7,0.30000000000000004,True,eligible_buy_or_hold,3,4,1.0,0.25,3,rule100_softmax_v1_history
2026-02-09,TSM,85442,TIGHTEN,,0.1,0.1,0.0,0.7,0.30000000000000004,False,tighten_below_hold_threshold,1,4,0.0,0.0,251,rule100_softmax_v1_history
2026-02-10,AVGO,93002,HOLD,,0.1,0.1,0.1,0.7,0.30000000000000004,True,eligible_buy_or_hold,2,4,1.0,0.25,56,rule100_softmax_v1_history
2026-02-10,LRCX,48486,HOLD,,0.1,0.1,0.1,0.7,0.30000000000000004,True,eligible_buy_or_hold,3,4,1.0,0.25,5,rule100_softmax_v1_history
2026-02-10,MU,53613,HOLD,,0.1,0.1,0.1,0.7,0.30000000000000004,True,eligible_buy_or_hold,3,4,1.0,0.25,4,rule100_softmax_v1_history
2026-02-10,TSM,85442,TIGHTEN,,0.1,0.1,0.0,0.7,0.30000000000000004,False,tighten_below_hold_threshold,1,4,0.0,0.0,252,rule100_softmax_v1_history
2026-02-11,AVGO,93002,HOLD,,0.1,0.1,0.1,0.7,0.30000000000000004,True,eligible_buy_or_hold,2,4,1.0,0.25,57,rule100_softmax_v1_history
2026-02-11,LRCX,48486,HOLD,,0.1,0.1,0.1,0.7,0.30000000000000004,True,eligible_buy_or_hold,3,4,1.0,0.25,6,rule100_softmax_v1_history
2026-02-11,MU,53613,HOLD,,0.1,0.1,0.1,0.7,0.30000000000000004,True,eligible_buy_or_hold,3,4,1.0,0.25,5,rule100_softmax_v1_history
2026-02-11,TSM,85442,TIGHTEN,,0.1,0.1,0.0,0.7,0.30000000000000004,False,tighten_below_hold_threshold,1,4,0.0,0.0,253,rule100_softmax_v1_history
2026-02-12,AVGO,93002,HOLD,,0.1,0.1,0.1,0.7,0.30000000000000004,True,eligible_buy_or_hold,2,4,1.0,0.25,58,rule100_softmax_v1_history
2026-02-12,LRCX,48486,HOLD,,0.1,0.1,0.1,0.7,0.30000000000000004,True,eligible_buy_or_hold,3,4,1.0,0.25,7,rule100_softmax_v1_history
2026-02-12,MU,53613,HOLD,,0.1,0.1,0.1,0.7,0.30000000000000004,True,eligible_buy_or_hold,3,4,1.0,0.25,6,rule100_softmax_v1_history
2026-02-12,TSM,85442,TIGHTEN,,0.1,0.1,0.0,0.7,0.30000000000000004,False,tighten_below_hold_threshold,1,4,0.0,0.0,254,rule100_softmax_v1_history
2026-02-13,AVGO,93002,HOLD,,0.1,0.1,0.1,0.7,0.30000000000000004,True,eligible_buy_or_hold,2,4,1.0,0.25,59,rule100_softmax_v1_history
2026-02-13,LRCX,48486,HOLD,,0.1,0.1,0.1,0.7,0.30000000000000004,True,eligible_buy_or_hold,3,4,1.0,0.25,8,rule100_softmax_v1_history
2026-02-13,MU,53613,HOLD,,0.1,0.1,0.1,0.7,0.30000000000000004,True,eligible_buy_or_hold,3,4,1.0,0.25,7,rule100_softmax_v1_history
2026-02-13,TSM,85442,TIGHTEN,,0.1,0.1,0.0,0.7,0.30000000000000004,False,tighten_below_hold_threshold,1,4,0.0,0.0,255,rule100_softmax_v1_history
2026-02-17,AVGO,93002,HOLD,,0.1,0.1,0.1,0.7,0.30000000000000004,True,eligible_buy_or_hold,2,4,1.0,0.25,63,rule100_softmax_v1_history
2026-02-17,LRCX,48486,HOLD,,0.1,0.1,0.1,0.7,0.30000000000000004,True,eligible_buy_or_hold,3,4,1.0,0.25,12,rule100_softmax_v1_history
2026-02-17,MU,53613,HOLD,,0.1,0.1,0.1,0.7,0.30000000000000004,True,eligible_buy_or_hold,3,4,1.0,0.25,11,rule100_softmax_v1_history
2026-02-17,TSM,85442,TIGHTEN,,0.1,0.1,0.0,0.7,0.30000000000000004,False,tighten_below_hold_threshold,1,4,0.0,0.0,259,rule100_softmax_v1_history
2026-02-18,AVGO,93002,HOLD,,0.1,0.1,0.1,0.7,0.30000000000000004,True,eligible_buy_or_hold,2,4,1.0,0.25,64,rule100_softmax_v1_history
2026-02-18,LRCX,48486,HOLD,,0.1,0.1,0.1,0.7,0.30000000000000004,True,eligible_buy_or_hold,3,4,1.0,0.25,13,rule100_softmax_v1_history
2026-02-18,MU,53613,HOLD,,0.1,0.1,0.1,0.7,0.30000000000000004,True,eligible_buy_or_hold,3,4,1.0,0.25,12,rule100_softmax_v1_history
2026-02-18,TSM,85442,TIGHTEN,,0.1,0.1,0.0,0.7,0.30000000000000004,False,tighten_below_hold_threshold,1,4,0.019419999999999993,0.004854999999999998,260,rule100_softmax_v1_history
2026-02-19,AVGO,93002,HOLD,,0.1,0.1,0.1,0.7,0.30000000000000004,True,eligible_buy_or_hold,2,4,1.0,0.25,65,rule100_softmax_v1_history
2026-02-19,LRCX,48486,HOLD,,0.1,0.1,0.1,0.7,0.30000000000000004,True,eligible_buy_or_hold,3,4,1.0,0.25,14,rule100_softmax_v1_history
2026-02-19,MU,53613,HOLD,,0.1,0.1,0.1,0.7,0.30000000000000004,True,eligible_buy_or_hold,3,4,1.0,0.25,13,rule100_softmax_v1_history
2026-02-19,TSM,85442,TIGHTEN,,0.1,0.1,0.0,0.7,0.30000000000000004,False,tighten_below_hold_threshold,1,4,0.23077999999999999,0.057694999999999996,261,rule100_softmax_v1_history
2026-02-20,AVGO,93002,HOLD,,0.1,0.1,0.1,0.7,0.30000000000000004,True,eligible_buy_or_hold,2,4,1.0,0.25,66,rule100_softmax_v1_history
2026-02-20,LRCX,48486,HOLD,,0.1,0.1,0.1,0.7,0.30000000000000004,True,eligible_buy_or_hold,3,4,1.0,0.25,15,rule100_softmax_v1_history
2026-02-20,MU,53613,HOLD,,0.1,0.1,0.1,0.7,0.30000000000000004,True,eligible_buy_or_hold,3,4,1.0,0.25,14,rule100_softmax_v1_history
2026-02-20,TSM,85442,TIGHTEN,,0.1,0.1,0.0,0.7,0.30000000000000004,False,tighten_below_hold_threshold,1,4,0.0,0.0,262,rule100_softmax_v1_history
2026-02-23,AVGO,93002,HOLD,,0.1,0.1,0.1,0.7,0.30000000000000004,True,eligible_buy_or_hold,2,4,1.0,0.25,69,rule100_softmax_v1_history
2026-02-23,LRCX,48486,HOLD,,0.1,0.1,0.1,0.7,0.30000000000000004,True,eligible_buy_or_hold,3,4,1.0,0.25,18,rule100_softmax_v1_history
2026-02-23,MU,53613,HOLD,,0.1,0.1,0.1,0.7,0.30000000000000004,True,eligible_buy_or_hold,3,4,1.0,0.25,17,rule100_softmax_v1_history
2026-02-23,TSM,85442,TIGHTEN,,0.1,0.1,0.0,0.7,0.30000000000000004,False,tighten_below_hold_threshold,1,4,0.0,0.0,265,rule100_softmax_v1_history
2026-02-24,AVGO,93002,HOLD,,0.1,0.1,0.1,0.6,0.4,True,eligible_buy_or_hold,2,4,1.0,0.25,70,rule100_softmax_v1_history
2026-02-24,LRCX,48486,HOLD,,0.1,0.1,0.1,0.6,0.4,True,eligible_buy_or_hold,3,4,1.0,0.25,19,rule100_softmax_v1_history
2026-02-24,MU,53613,HOLD,,0.1,0.1,0.1,0.6,0.4,True,eligible_buy_or_hold,3,4,1.0,0.25,18,rule100_softmax_v1_history
2026-02-24,TSM,85442,TIGHTEN,,0.1,0.1,0.0,0.6,0.4,False,tighten_below_hold_threshold,1,4,0.0,0.0,266,rule100_softmax_v1_history
2026-02-24,WDC,66384,BUY,BUY,0.1,0.1,0.1,0.6,0.4,True,eligible_buy_or_hold,3,4,1.0,0.25,0,rule100_softmax_v1_history
2026-02-25,AVGO,93002,HOLD,,0.1,0.1,0.1,0.6,0.4,True,eligible_buy_or_hold,2,4,1.0,0.25,71,rule100_softmax_v1_history
2026-02-25,LRCX,48486,HOLD,,0.1,0.1,0.1,0.6,0.4,True,eligible_buy_or_hold,3,4,1.0,0.25,20,rule100_softmax_v1_history
2026-02-25,MU,53613,HOLD,,0.1,0.1,0.1,0.6,0.4,True,eligible_buy_or_hold,3,4,1.0,0.25,19,rule100_softmax_v1_history
2026-02-25,TSM,85442,TIGHTEN,,0.1,0.1,0.0,0.6,0.4,False,tighten_below_hold_threshold,1,4,0.0,0.0,267,rule100_softmax_v1_history
2026-02-25,WDC,66384,HOLD,,0.1,0.1,0.1,0.6,0.4,True,eligible_buy_or_hold,3,4,1.0,0.25,1,rule100_softmax_v1_history
2026-02-26,AVGO,93002,HOLD,,0.1,0.1,0.1,0.6,0.4,True,eligible_buy_or_hold,2,4,1.0,0.25,72,rule100_softmax_v1_history
2026-02-26,LRCX,48486,HOLD,,0.1,0.1,0.1,0.6,0.4,True,eligible_buy_or_hold,3,4,1.0,0.25,21,rule100_softmax_v1_history
2026-02-26,MU,53613,HOLD,,0.1,0.1,0.1,0.6,0.4,True,eligible_buy_or_hold,3,4,1.0,0.25,20,rule100_softmax_v1_history
2026-02-26,TSM,85442,TIGHTEN,,0.1,0.1,0.0,0.6,0.4,False,tighten_below_hold_threshold,1,4,0.0,0.0,268,rule100_softmax_v1_history
2026-02-26,WDC,66384,HOLD,,0.1,0.1,0.1,0.6,0.4,True,eligible_buy_or_hold,3,4,1.0,0.25,2,rule100_softmax_v1_history
2026-02-27,AVGO,93002,HOLD,,0.1,0.1,0.1,0.6,0.4,True,eligible_buy_or_hold,2,4,1.0,0.25,73,rule100_softmax_v1_history
2026-02-27,LRCX,48486,HOLD,,0.1,0.1,0.1,0.6,0.4,True,eligible_buy_or_hold,3,4,1.0,0.25,22,rule100_softmax_v1_history
2026-02-27,MU,53613,HOLD,,0.1,0.1,0.1,0.6,0.4,True,eligible_buy_or_hold,3,4,1.0,0.25,21,rule100_softmax_v1_history
2026-02-27,TSM,85442,TIGHTEN,,0.1,0.1,0.0,0.6,0.4,False,tighten_below_hold_threshold,1,4,0.16442000000000012,0.04110500000000003,269,rule100_softmax_v1_history
2026-02-27,WDC,66384,HOLD,,0.1,0.1,0.1,0.6,0.4,True,eligible_buy_or_hold,3,4,1.0,0.25,3,rule100_softmax_v1_history
2026-03-02,AVGO,93002,HOLD,,0.1,0.1,0.1,0.6,0.4,True,eligible_buy_or_hold,2,4,1.0,0.25,76,rule100_softmax_v1_history
2026-03-02,LRCX,48486,HOLD,,0.1,0.1,0.1,0.6,0.4,True,eligible_buy_or_hold,3,4,1.0,0.25,25,rule100_softmax_v1_history
2026-03-02,MU,53613,HOLD,,0.1,0.1,0.1,0.6,0.4,True,eligible_buy_or_hold,3,4,1.0,0.25,24,rule100_softmax_v1_history
2026-03-02,TSM,85442,TIGHTEN,,0.1,0.1,0.0,0.6,0.4,False,tighten_below_hold_threshold,1,4,0.57816,0.14454,272,rule100_softmax_v1_history
2026-03-02,WDC,66384,HOLD,,0.1,0.1,0.1,0.6,0.4,True,eligible_buy_or_hold,3,4,1.0,0.25,6,rule100_softmax_v1_history
2026-03-03,AVGO,93002,HOLD,,0.1,0.1,0.0,0.7,0.30000000000000004,False,exit_or_trend_veto_block,2,4,0.0,0.0,77,rule100_softmax_v1_history
2026-03-03,LRCX,48486,HOLD,,0.1,0.1,0.1,0.7,0.30000000000000004,True,eligible_buy_or_hold,3,4,1.0,0.25,26,rule100_softmax_v1_history
2026-03-03,MU,53613,HOLD,,0.1,0.1,0.1,0.7,0.30000000000000004,True,eligible_buy_or_hold,3,4,1.0,0.25,25,rule100_softmax_v1_history
2026-03-03,TSM,85442,TIGHTEN,,0.1,0.1,0.0,0.7,0.30000000000000004,False,tighten_below_hold_threshold,1,4,1.0,0.25,273,rule100_softmax_v1_history
2026-03-03,WDC,66384,HOLD,,0.1,0.1,0.1,0.7,0.30000000000000004,True,eligible_buy_or_hold,3,4,1.0,0.25,7,rule100_softmax_v1_history
2026-03-04,AVGO,93002,EXIT,SELL,0.0,0.0,0.0,0.7,0.30000000000000004,False,flat_after_sell,2,4,0.0,,78,rule100_softmax_v1_history
2026-03-04,LRCX,48486,HOLD,,0.1,0.1,0.1,0.7,0.30000000000000004,True,eligible_buy_or_hold,3,4,1.0,0.25,27,rule100_softmax_v1_history
2026-03-04,MU,53613,HOLD,,0.1,0.1,0.1,0.7,0.30000000000000004,True,eligible_buy_or_hold,3,4,1.0,0.25,26,rule100_softmax_v1_history
2026-03-04,TSM,85442,TIGHTEN,,0.1,0.1,0.0,0.7,0.30000000000000004,False,tighten_below_hold_threshold,1,4,1.0,0.25,274,rule100_softmax_v1_history
2026-03-04,WDC,66384,HOLD,,0.1,0.1,0.1,0.7,0.30000000000000004,True,eligible_buy_or_hold,3,4,1.0,0.25,8,rule100_softmax_v1_history
2026-03-05,AMAT,14702,BUY,BUY,0.1,0.1,0.1,0.6,0.4,True,eligible_buy_or_hold,3,4,1.0,0.25,0,rule100_softmax_v1_history
2026-03-05,LRCX,48486,HOLD,,0.1,0.1,0.1,0.6,0.4,True,eligible_buy_or_hold,3,4,1.0,0.25,28,rule100_softmax_v1_history
2026-03-05,MU,53613,HOLD,,0.1,0.1,0.1,0.6,0.4,True,eligible_buy_or_hold,3,4,1.0,0.25,27,rule100_softmax_v1_history
2026-03-05,TSM,85442,TIGHTEN,,0.1,0.1,0.0,0.6,0.4,False,tighten_below_hold_threshold,1,4,1.0,0.25,275,rule100_softmax_v1_history
2026-03-05,WDC,66384,HOLD,,0.1,0.1,0.1,0.6,0.4,True,eligible_buy_or_hold,3,4,1.0,0.25,9,rule100_softmax_v1_history
2026-03-06,AMAT,14702,HOLD,,0.1,0.1,0.1,0.6,0.4,True,eligible_buy_or_hold,3,4,1.0,0.25,1,rule100_softmax_v1_history
2026-03-06,LRCX,48486,HOLD,,0.1,0.1,0.1,0.6,0.4,True,eligible_buy_or_hold,3,4,1.0,0.25,29,rule100_softmax_v1_history
2026-03-06,MU,53613,HOLD,,0.1,0.1,0.1,0.6,0.4,True,eligible_buy_or_hold,3,4,1.0,0.25,28,rule100_softmax_v1_history
2026-03-06,TSM,85442,TIGHTEN,,0.1,0.1,0.0,0.6,0.4,False,tighten_below_hold_threshold,1,4,1.0,0.25,276,rule100_softmax_v1_history
2026-03-06,WDC,66384,HOLD,,0.1,0.1,0.1,0.6,0.4,True,eligible_buy_or_hold,3,4,1.0,0.25,10,rule100_softmax_v1_history
2026-03-09,AMAT,14702,HOLD,,0.1,0.1,0.1,0.6,0.4,True,eligible_buy_or_hold,3,4,1.0,0.25,4,rule100_softmax_v1_history
2026-03-09,LRCX,48486,HOLD,,0.1,0.1,0.1,0.6,0.4,True,eligible_buy_or_hold,3,4,1.0,0.25,32,rule100_softmax_v1_history
2026-03-09,MU,53613,HOLD,,0.1,0.1,0.1,0.6,0.4,True,eligible_buy_or_hold,3,4,1.0,0.25,31,rule100_softmax_v1_history
2026-03-09,TSM,85442,TIGHTEN,,0.1,0.1,0.0,0.6,0.4,False,tighten_below_hold_threshold,1,4,1.0,0.25,279,rule100_softmax_v1_history
2026-03-09,WDC,66384,HOLD,,0.1,0.1,0.1,0.6,0.4,True,eligible_buy_or_hold,3,4,1.0,0.25,13,rule100_softmax_v1_history
2026-03-10,AMAT,14702,HOLD,,0.1,0.1,0.1,0.6,0.4,True,eligible_buy_or_hold,3,4,1.0,0.25,5,rule100_softmax_v1_history
2026-03-10,LRCX,48486,HOLD,,0.1,0.1,0.1,0.6,0.4,True,eligible_buy_or_hold,3,4,1.0,0.25,33,rule100_softmax_v1_history
2026-03-10,MU,53613,HOLD,,0.1,0.1,0.1,0.6,0.4,True,eligible_buy_or_hold,3,4,1.0,0.25,32,rule100_softmax_v1_history
2026-03-10,TSM,85442,TIGHTEN,,0.1,0.1,0.0,0.6,0.4,False,tighten_below_hold_threshold,1,4,1.0,0.25,280,rule100_softmax_v1_history
2026-03-10,WDC,66384,HOLD,,0.1,0.1,0.1,0.6,0.4,True,eligible_buy_or_hold,3,4,1.0,0.25,14,rule100_softmax_v1_history
2026-03-11,AMAT,14702,HOLD,,0.1,0.1,0.1,0.6,0.4,True,eligible_buy_or_hold,3,4,1.0,0.25,6,rule100_softmax_v1_history
2026-03-11,LRCX,48486,HOLD,,0.1,0.1,0.1,0.6,0.4,True,eligible_buy_or_hold,3,4,1.0,0.25,34,rule100_softmax_v1_history
2026-03-11,MU,53613,HOLD,,0.1,0.1,0.1,0.6,0.4,True,eligible_buy_or_hold,3,4,1.0,0.25,33,rule100_softmax_v1_history
2026-03-11,TSM,85442,TIGHTEN,,0.1,0.1,0.0,0.6,0.4,False,tighten_below_hold_threshold,1,4,1.0,0.25,281,rule100_softmax_v1_history
2026-03-11,WDC,66384,HOLD,,0.1,0.1,0.1,0.6,0.4,True,eligible_buy_or_hold,3,4,1.0,0.25,15,rule100_softmax_v1_history
2026-03-12,AMAT,14702,HOLD,,0.1,0.1,0.1,0.6,0.4,True,eligible_buy_or_hold,3,4,1.0,0.25,7,rule100_softmax_v1_history
2026-03-12,LRCX,48486,HOLD,,0.1,0.1,0.1,0.6,0.4,True,eligible_buy_or_hold,3,4,1.0,0.25,35,rule100_softmax_v1_history
2026-03-12,MU,53613,HOLD,,0.1,0.1,0.1,0.6,0.4,True,eligible_buy_or_hold,3,4,1.0,0.25,34,rule100_softmax_v1_history
2026-03-12,TSM,85442,TIGHTEN,,0.1,0.1,0.0,0.6,0.4,False,tighten_below_hold_threshold,1,4,1.0,0.25,282,rule100_softmax_v1_history
2026-03-12,WDC,66384,HOLD,,0.1,0.1,0.1,0.6,0.4,True,eligible_buy_or_hold,3,4,1.0,0.25,16,rule100_softmax_v1_history
2026-03-13,AMAT,14702,HOLD,,0.1,0.1,0.1,0.6,0.4,True,eligible_buy_or_hold,3,4,1.0,0.25,8,rule100_softmax_v1_history
2026-03-13,LRCX,48486,HOLD,,0.1,0.1,0.1,0.6,0.4,True,eligible_buy_or_hold,3,4,1.0,0.25,36,rule100_softmax_v1_history
2026-03-13,MU,53613,HOLD,,0.1,0.1,0.1,0.6,0.4,True,eligible_buy_or_hold,3,4,1.0,0.25,35,rule100_softmax_v1_history
2026-03-13,TSM,85442,TIGHTEN,,0.1,0.1,0.0,0.6,0.4,False,tighten_below_hold_threshold,1,4,1.0,0.25,283,rule100_softmax_v1_history
2026-03-13,WDC,66384,HOLD,,0.1,0.1,0.1,0.6,0.4,True,eligible_buy_or_hold,3,4,1.0,0.25,17,rule100_softmax_v1_history
2026-03-16,AMAT,14702,HOLD,,0.1,0.1,0.1,0.6,0.4,True,eligible_buy_or_hold,3,4,1.0,0.25,11,rule100_softmax_v1_history
2026-03-16,LRCX,48486,HOLD,,0.1,0.1,0.1,0.6,0.4,True,eligible_buy_or_hold,3,4,1.0,0.25,39,rule100_softmax_v1_history
2026-03-16,MU,53613,HOLD,,0.1,0.1,0.1,0.6,0.4,True,eligible_buy_or_hold,3,4,1.0,0.25,38,rule100_softmax_v1_history
2026-03-16,TSM,85442,TIGHTEN,,0.1,0.1,0.0,0.6,0.4,False,tighten_below_hold_threshold,1,4,1.0,0.25,286,rule100_softmax_v1_history
2026-03-16,WDC,66384,HOLD,,0.1,0.1,0.1,0.6,0.4,True,eligible_buy_or_hold,3,4,1.0,0.25,20,rule100_softmax_v1_history
2026-03-17,AMAT,14702,HOLD,,0.1,0.1,0.1,0.6,0.4,True,eligible_buy_or_hold,3,4,1.0,0.25,12,rule100_softmax_v1_history
2026-03-17,LRCX,48486,HOLD,,0.1,0.1,0.1,0.6,0.4,True,eligible_buy_or_hold,3,4,1.0,0.25,40,rule100_softmax_v1_history
2026-03-17,MU,53613,HOLD,,0.1,0.1,0.1,0.6,0.4,True,eligible_buy_or_hold,3,4,1.0,0.25,39,rule100_softmax_v1_history
2026-03-17,TSM,85442,TIGHTEN,,0.1,0.1,0.0,0.6,0.4,False,tighten_below_hold_threshold,1,4,1.0,0.25,287,rule100_softmax_v1_history
2026-03-17,WDC,66384,TRIM,,0.1,0.1,0.1,0.6,0.4,True,eligible_buy_or_hold,3,4,1.0,0.25,21,rule100_softmax_v1_history
2026-03-18,AMAT,14702,HOLD,,0.1,0.1,0.1,0.6,0.4,True,eligible_buy_or_hold,3,4,1.0,0.25,13,rule100_softmax_v1_history
2026-03-18,LRCX,48486,HOLD,,0.1,0.1,0.1,0.6,0.4,True,eligible_buy_or_hold,3,4,1.0,0.25,41,rule100_softmax_v1_history
2026-03-18,MU,53613,HOLD,,0.1,0.1,0.1,0.6,0.4,True,eligible_buy_or_hold,3,4,1.0,0.25,40,rule100_softmax_v1_history
2026-03-18,TSM,85442,TIGHTEN,,0.1,0.1,0.0,0.6,0.4,False,tighten_below_hold_threshold,1,4,1.0,0.25,288,rule100_softmax_v1_history
2026-03-18,WDC,66384,HOLD,,0.1,0.1,0.1,0.6,0.4,True,eligible_buy_or_hold,3,4,1.0,0.25,22,rule100_softmax_v1_history
2026-03-19,AMAT,14702,HOLD,,0.1,0.1,0.1,0.6,0.4,True,eligible_buy_or_hold,3,4,1.0,0.25,14,rule100_softmax_v1_history
2026-03-19,LRCX,48486,HOLD,,0.1,0.1,0.1,0.6,0.4,True,eligible_buy_or_hold,3,4,1.0,0.25,42,rule100_softmax_v1_history
2026-03-19,MU,53613,HOLD,,0.1,0.1,0.1,0.6,0.4,True,eligible_buy_or_hold,3,4,1.0,0.25,41,rule100_softmax_v1_history
2026-03-19,TSM,85442,TIGHTEN,,0.1,0.1,0.0,0.6,0.4,False,tighten_below_hold_threshold,1,4,1.0,0.25,289,rule100_softmax_v1_history
2026-03-19,WDC,66384,TRIM,,0.1,0.1,0.1,0.6,0.4,True,eligible_buy_or_hold,3,4,1.0,0.25,23,rule100_softmax_v1_history
2026-03-20,AMAT,14702,HOLD,,0.1,0.1,0.1,0.6,0.4,True,eligible_buy_or_hold,3,4,1.0,0.25,15,rule100_softmax_v1_history
2026-03-20,LRCX,48486,HOLD,,0.1,0.1,0.1,0.6,0.4,True,eligible_buy_or_hold,3,4,1.0,0.25,43,rule100_softmax_v1_history
2026-03-20,MU,53613,HOLD,,0.1,0.1,0.1,0.6,0.4,True,eligible_buy_or_hold,3,4,1.0,0.25,42,rule100_softmax_v1_history
2026-03-20,TSM,85442,TIGHTEN,,0.1,0.1,0.0,0.6,0.4,False,tighten_below_hold_threshold,1,4,1.0,0.25,290,rule100_softmax_v1_history
2026-03-20,WDC,66384,HOLD,,0.1,0.1,0.1,0.6,0.4,True,eligible_buy_or_hold,3,4,1.0,0.25,24,rule100_softmax_v1_history
2026-03-23,AMAT,14702,HOLD,,0.1,0.1,0.1,0.6,0.4,True,eligible_buy_or_hold,3,4,1.0,0.25,18,rule100_softmax_v1_history
2026-03-23,LRCX,48486,HOLD,,0.1,0.1,0.1,0.6,0.4,True,eligible_buy_or_hold,3,4,1.0,0.25,46,rule100_softmax_v1_history
2026-03-23,MU,53613,HOLD,,0.1,0.1,0.1,0.6,0.4,True,eligible_buy_or_hold,3,4,1.0,0.25,45,rule100_softmax_v1_history
2026-03-23,TSM,85442,TIGHTEN,,0.1,0.1,0.0,0.6,0.4,False,tighten_below_hold_threshold,1,4,1.0,0.25,293,rule100_softmax_v1_history
2026-03-23,WDC,66384,HOLD,,0.1,0.1,0.1,0.6,0.4,True,eligible_buy_or_hold,3,4,1.0,0.25,27,rule100_softmax_v1_history
2026-03-24,AMAT,14702,HOLD,,0.1,0.1,0.1,0.6,0.4,True,eligible_buy_or_hold,3,4,1.0,0.25,19,rule100_softmax_v1_history
2026-03-24,LRCX,48486,HOLD,,0.1,0.1,0.1,0.6,0.4,True,eligible_buy_or_hold,3,4,1.0,0.25,47,rule100_softmax_v1_history
2026-03-24,MU,53613,HOLD,,0.1,0.1,0.1,0.6,0.4,True,eligible_buy_or_hold,3,4,1.0,0.25,46,rule100_softmax_v1_history
2026-03-24,TSM,85442,TIGHTEN,,0.1,0.1,0.0,0.6,0.4,False,tighten_below_hold_threshold,1,4,1.0,0.25,294,rule100_softmax_v1_history
2026-03-24,WDC,66384,HOLD,,0.1,0.1,0.1,0.6,0.4,True,eligible_buy_or_hold,3,4,1.0,0.25,28,rule100_softmax_v1_history
2026-03-25,AMAT,14702,HOLD,,0.1,0.1,0.1,0.6,0.4,True,eligible_buy_or_hold,3,4,1.0,0.25,20,rule100_softmax_v1_history
2026-03-25,LRCX,48486,HOLD,,0.1,0.1,0.1,0.6,0.4,True,eligible_buy_or_hold,3,4,1.0,0.25,48,rule100_softmax_v1_history
2026-03-25,MU,53613,HOLD,,0.1,0.1,0.1,0.6,0.4,True,eligible_buy_or_hold,3,4,1.0,0.25,47,rule100_softmax_v1_history
2026-03-25,TSM,85442,TIGHTEN,,0.1,0.1,0.0,0.6,0.4,False,tighten_below_hold_threshold,1,4,1.0,0.25,295,rule100_softmax_v1_history
2026-03-25,WDC,66384,HOLD,,0.1,0.1,0.1,0.6,0.4,True,eligible_buy_or_hold,3,4,1.0,0.25,29,rule100_softmax_v1_history
2026-03-26,AMAT,14702,HOLD,,0.1,0.1,0.1,0.6,0.4,True,eligible_buy_or_hold,3,4,1.0,0.25,21,rule100_softmax_v1_history
2026-03-26,LRCX,48486,HOLD,,0.1,0.1,0.1,0.6,0.4,True,eligible_buy_or_hold,3,4,1.0,0.25,49,rule100_softmax_v1_history
2026-03-26,MU,53613,HOLD,,0.1,0.1,0.1,0.6,0.4,True,eligible_buy_or_hold,3,4,1.0,0.25,48,rule100_softmax_v1_history
2026-03-26,TSM,85442,TIGHTEN,,0.1,0.1,0.0,0.6,0.4,False,tighten_below_hold_threshold,1,4,1.0,0.25,296,rule100_softmax_v1_history
2026-03-26,WDC,66384,HOLD,,0.1,0.1,0.1,0.6,0.4,True,eligible_buy_or_hold,3,4,1.0,0.25,30,rule100_softmax_v1_history
2026-03-27,AMAT,14702,HOLD,,0.1,0.1,0.1,0.6,0.4,True,eligible_buy_or_hold,3,4,1.0,0.25,22,rule100_softmax_v1_history
2026-03-27,LRCX,48486,HOLD,,0.1,0.1,0.1,0.6,0.4,True,eligible_buy_or_hold,3,4,1.0,0.25,50,rule100_softmax_v1_history
2026-03-27,MU,53613,HOLD,,0.1,0.1,0.1,0.6,0.4,True,eligible_buy_or_hold,3,4,1.0,0.25,49,rule100_softmax_v1_history
2026-03-27,TSM,85442,TIGHTEN,,0.1,0.1,0.0,0.6,0.4,False,tighten_below_hold_threshold,1,4,1.0,0.25,297,rule100_softmax_v1_history
2026-03-27,WDC,66384,HOLD,,0.1,0.1,0.1,0.6,0.4,True,eligible_buy_or_hold,3,4,1.0,0.25,31,rule100_softmax_v1_history
2026-03-30,AMAT,14702,HOLD,,0.1,0.1,0.1,0.6,0.4,True,eligible_buy_or_hold,3,4,1.0,0.25,25,rule100_softmax_v1_history
2026-03-30,LRCX,48486,HOLD,,0.1,0.1,0.1,0.6,0.4,True,eligible_buy_or_hold,3,4,1.0,0.25,53,rule100_softmax_v1_history
2026-03-30,MU,53613,HOLD,,0.1,0.1,0.1,0.6,0.4,True,eligible_buy_or_hold,3,4,1.0,0.25,52,rule100_softmax_v1_history
2026-03-30,TSM,85442,TIGHTEN,,0.1,0.1,0.0,0.6,0.4,False,tighten_below_hold_threshold,1,4,1.0,0.25,300,rule100_softmax_v1_history
2026-03-30,WDC,66384,HOLD,,0.1,0.1,0.1,0.6,0.4,True,eligible_buy_or_hold,3,4,1.0,0.25,34,rule100_softmax_v1_history
2026-03-31,AMAT,14702,HOLD,,0.1,0.1,0.1,0.6,0.4,True,eligible_buy_or_hold,3,4,1.0,0.25,26,rule100_softmax_v1_history
2026-03-31,LRCX,48486,HOLD,,0.1,0.1,0.1,0.6,0.4,True,eligible_buy_or_hold,3,4,1.0,0.25,54,rule100_softmax_v1_history
2026-03-31,MU,53613,HOLD,,0.1,0.1,0.1,0.6,0.4,True,eligible_buy_or_hold,3,4,1.0,0.25,53,rule100_softmax_v1_history
2026-03-31,TSM,85442,TIGHTEN,,0.1,0.1,0.0,0.6,0.4,False,tighten_below_hold_threshold,1,4,1.0,0.25,301,rule100_softmax_v1_history
2026-03-31,WDC,66384,HOLD,,0.1,0.1,0.1,0.6,0.4,True,eligible_buy_or_hold,3,4,1.0,0.25,35,rule100_softmax_v1_history
2026-04-01,AMAT,14702,HOLD,,0.1,0.1,0.1,0.6,0.4,True,eligible_buy_or_hold,3,4,1.0,0.25,27,rule100_softmax_v1_history
2026-04-01,LRCX,48486,HOLD,,0.1,0.1,0.1,0.6,0.4,True,eligible_buy_or_hold,3,4,1.0,0.25,55,rule100_softmax_v1_history
2026-04-01,MU,53613,HOLD,,0.1,0.1,0.1,0.6,0.4,True,eligible_buy_or_hold,3,4,1.0,0.25,54,rule100_softmax_v1_history
2026-04-01,TSM,85442,TIGHTEN,,0.1,0.1,0.0,0.6,0.4,False,tighten_below_hold_threshold,1,4,0.86028,0.21507,302,rule100_softmax_v1_history
2026-04-01,WDC,66384,HOLD,,0.1,0.1,0.1,0.6,0.4,True,eligible_buy_or_hold,3,4,1.0,0.25,36,rule100_softmax_v1_history
2026-04-02,AMAT,14702,HOLD,,0.1,0.1,0.1,0.6,0.4,True,eligible_buy_or_hold,3,4,1.0,0.25,28,rule100_softmax_v1_history
2026-04-02,LRCX,48486,HOLD,,0.1,0.1,0.1,0.6,0.4,True,eligible_buy_or_hold,3,4,1.0,0.25,56,rule100_softmax_v1_history
2026-04-02,MU,53613,HOLD,,0.1,0.1,0.1,0.6,0.4,True,eligible_buy_or_hold,3,4,1.0,0.25,55,rule100_softmax_v1_history
2026-04-02,TSM,85442,TIGHTEN,,0.1,0.1,0.0,0.6,0.4,False,tighten_below_hold_threshold,1,4,0.96394,0.240985,303,rule100_softmax_v1_history
2026-04-02,WDC,66384,HOLD,,0.1,0.1,0.1,0.6,0.4,True,eligible_buy_or_hold,3,4,1.0,0.25,37,rule100_softmax_v1_history
2026-04-06,AMAT,14702,HOLD,,0.1,0.1,0.1,0.6,0.4,True,eligible_buy_or_hold,3,4,1.0,0.25,32,rule100_softmax_v1_history
2026-04-06,LRCX,48486,HOLD,,0.1,0.1,0.1,0.6,0.4,True,eligible_buy_or_hold,3,4,1.0,0.25,60,rule100_softmax_v1_history
2026-04-06,MU,53613,HOLD,,0.1,0.1,0.1,0.6,0.4,True,eligible_buy_or_hold,3,4,1.0,0.25,59,rule100_softmax_v1_history
2026-04-06,TSM,85442,TIGHTEN,,0.1,0.1,0.0,0.6,0.4,False,tighten_below_hold_threshold,1,4,0.8145800000000001,0.20364500000000002,307,rule100_softmax_v1_history
2026-04-06,WDC,66384,HOLD,,0.1,0.1,0.1,0.6,0.4,True,eligible_buy_or_hold,3,4,1.0,0.25,41,rule100_softmax_v1_history
2026-04-07,AMAT,14702,HOLD,,0.1,0.1,0.1,0.6,0.4,True,eligible_buy_or_hold,3,4,1.0,0.25,33,rule100_softmax_v1_history
2026-04-07,LRCX,48486,HOLD,,0.1,0.1,0.1,0.6,0.4,True,eligible_buy_or_hold,3,4,1.0,0.25,61,rule100_softmax_v1_history
2026-04-07,MU,53613,HOLD,,0.1,0.1,0.1,0.6,0.4,True,eligible_buy_or_hold,3,4,1.0,0.25,60,rule100_softmax_v1_history
2026-04-07,TSM,85442,TIGHTEN,,0.1,0.1,0.0,0.6,0.4,False,tighten_below_hold_threshold,1,4,0.5971,0.149275,308,rule100_softmax_v1_history
2026-04-07,WDC,66384,HOLD,,0.1,0.1,0.1,0.6,0.4,True,eligible_buy_or_hold,3,4,1.0,0.25,42,rule100_softmax_v1_history
2026-04-08,AMAT,14702,HOLD,,0.1,0.1,0.1,0.6,0.4,True,eligible_buy_or_hold,3,4,1.0,0.25,34,rule100_softmax_v1_history
2026-04-08,LRCX,48486,HOLD,,0.1,0.1,0.1,0.6,0.4,True,eligible_buy_or_hold,3,4,1.0,0.25,62,rule100_softmax_v1_history
2026-04-08,MU,53613,HOLD,,0.1,0.1,0.1,0.6,0.4,True,eligible_buy_or_hold,3,4,1.0,0.25,61,rule100_softmax_v1_history
2026-04-08,TSM,85442,TIGHTEN,,0.1,0.1,0.0,0.6,0.4,False,tighten_below_hold_threshold,1,4,0.0,0.0,309,rule100_softmax_v1_history
2026-04-08,WDC,66384,TRIM,,0.1,0.1,0.1,0.6,0.4,True,eligible_buy_or_hold,3,4,1.0,0.25,43,rule100_softmax_v1_history
2026-04-09,AMAT,14702,TRIM,,0.1,0.1,0.1,0.6,0.4,True,eligible_buy_or_hold,3,4,1.0,0.25,35,rule100_softmax_v1_history
2026-04-09,LRCX,48486,TRIM,,0.1,0.1,0.1,0.6,0.4,True,eligible_buy_or_hold,3,4,1.0,0.25,63,rule100_softmax_v1_history
2026-04-09,MU,53613,HOLD,,0.1,0.1,0.1,0.6,0.4,True,eligible_buy_or_hold,3,4,1.0,0.25,62,rule100_softmax_v1_history
2026-04-09,TSM,85442,TIGHTEN,,0.1,0.1,0.0,0.6,0.4,False,tighten_below_hold_threshold,1,4,0.0,0.0,310,rule100_softmax_v1_history
2026-04-09,WDC,66384,TRIM,,0.1,0.1,0.1,0.6,0.4,True,eligible_buy_or_hold,3,4,1.0,0.25,44,rule100_softmax_v1_history
2026-04-10,AMAT,14702,HOLD,,0.1,0.1,0.1,0.6,0.4,True,eligible_buy_or_hold,3,4,1.0,0.25,36,rule100_softmax_v1_history
2026-04-10,LRCX,48486,TRIM,,0.1,0.1,0.1,0.6,0.4,True,eligible_buy_or_hold,3,4,1.0,0.25,64,rule100_softmax_v1_history
2026-04-10,MU,53613,HOLD,,0.1,0.1,0.1,0.6,0.4,True,eligible_buy_or_hold,3,4,1.0,0.25,63,rule100_softmax_v1_history
2026-04-10,TSM,85442,TIGHTEN,,0.1,0.1,0.0,0.6,0.4,False,tighten_below_hold_threshold,1,4,0.0,0.0,311,rule100_softmax_v1_history
2026-04-10,WDC,66384,TRIM,,0.1,0.1,0.1,0.6,0.4,True,eligible_buy_or_hold,3,4,1.0,0.25,45,rule100_softmax_v1_history
2026-04-13,AMAT,14702,HOLD,,0.1,0.1,0.1,0.6,0.4,True,eligible_buy_or_hold,3,4,1.0,0.25,39,rule100_softmax_v1_history
2026-04-13,LRCX,48486,TRIM,,0.1,0.1,0.1,0.6,0.4,True,eligible_buy_or_hold,3,4,1.0,0.25,67,rule100_softmax_v1_history
2026-04-13,MU,53613,HOLD,,0.1,0.1,0.1,0.6,0.4,True,eligible_buy_or_hold,3,4,1.0,0.25,66,rule100_softmax_v1_history
2026-04-13,TSM,85442,TIGHTEN,,0.1,0.1,0.0,0.6,0.4,False,tighten_below_hold_threshold,1,4,0.0,0.0,314,rule100_softmax_v1_history
2026-04-13,WDC,66384,TRIM,,0.1,0.1,0.1,0.6,0.4,True,eligible_buy_or_hold,3,4,1.0,0.25,48,rule100_softmax_v1_history
2026-04-14,AMAT,14702,HOLD,,0.1,0.1,0.1,0.6,0.4,True,eligible_buy_or_hold,3,4,1.0,0.25,40,rule100_softmax_v1_history
2026-04-14,LRCX,48486,TRIM,,0.1,0.1,0.1,0.6,0.4,True,eligible_buy_or_hold,3,4,1.0,0.25,68,rule100_softmax_v1_history
2026-04-14,MU,53613,TRIM,,0.1,0.1,0.1,0.6,0.4,True,eligible_buy_or_hold,3,4,1.0,0.25,67,rule100_softmax_v1_history
2026-04-14,TSM,85442,TIGHTEN,,0.1,0.1,0.0,0.6,0.4,False,tighten_below_hold_threshold,1,4,0.0,0.0,315,rule100_softmax_v1_history
2026-04-14,WDC,66384,TRIM,,0.1,0.1,0.1,0.6,0.4,True,eligible_buy_or_hold,3,4,1.0,0.25,49,rule100_softmax_v1_history
2026-04-15,AMAT,14702,HOLD,,0.1,0.1,0.1,0.6,0.4,True,eligible_buy_or_hold,3,4,1.0,0.25,41,rule100_softmax_v1_history
2026-04-15,LRCX,48486,TRIM,,0.1,0.1,0.1,0.6,0.4,True,eligible_buy_or_hold,3,4,1.0,0.25,69,rule100_softmax_v1_history
2026-04-15,MU,53613,TRIM,,0.1,0.1,0.1,0.6,0.4,True,eligible_buy_or_hold,3,4,1.0,0.25,68,rule100_softmax_v1_history
2026-04-15,TSM,85442,TIGHTEN,,0.1,0.1,0.0,0.6,0.4,False,tighten_below_hold_threshold,1,4,0.0,0.0,316,rule100_softmax_v1_history
2026-04-15,WDC,66384,TRIM,,0.1,0.1,0.1,0.6,0.4,True,eligible_buy_or_hold,3,4,1.0,0.25,50,rule100_softmax_v1_history
2026-04-16,AMAT,14702,HOLD,,0.1,0.1,0.1,0.6,0.4,True,eligible_buy_or_hold,3,4,1.0,0.25,42,rule100_softmax_v1_history
2026-04-16,LRCX,48486,HOLD,,0.1,0.1,0.1,0.6,0.4,True,eligible_buy_or_hold,3,4,1.0,0.25,70,rule100_softmax_v1_history
2026-04-16,MU,53613,TRIM,,0.1,0.1,0.1,0.6,0.4,True,eligible_buy_or_hold,3,4,1.0,0.25,69,rule100_softmax_v1_history
2026-04-16,TSM,85442,TIGHTEN,,0.1,0.1,0.0,0.6,0.4,False,tighten_below_hold_threshold,1,4,0.12468000000000001,0.031170000000000003,317,rule100_softmax_v1_history
2026-04-16,WDC,66384,TRIM,,0.1,0.1,0.1,0.6,0.4,True,eligible_buy_or_hold,3,4,1.0,0.25,51,rule100_softmax_v1_history
2026-04-17,AMAT,14702,HOLD,,0.1,0.1,0.1,0.6,0.4,True,eligible_buy_or_hold,3,4,1.0,0.25,43,rule100_softmax_v1_history
2026-04-17,LRCX,48486,TRIM,,0.1,0.1,0.1,0.6,0.4,True,eligible_buy_or_hold,3,4,1.0,0.25,71,rule100_softmax_v1_history
2026-04-17,MU,53613,TRIM,,0.1,0.1,0.1,0.6,0.4,True,eligible_buy_or_hold,3,4,1.0,0.25,70,rule100_softmax_v1_history
2026-04-17,TSM,85442,TIGHTEN,,0.1,0.1,0.0,0.6,0.4,False,tighten_below_hold_threshold,1,4,0.0,0.0,318,rule100_softmax_v1_history
2026-04-17,WDC,66384,TRIM,,0.1,0.1,0.1,0.6,0.4,True,eligible_buy_or_hold,3,4,1.0,0.25,52,rule100_softmax_v1_history
2026-04-20,AMAT,14702,HOLD,,0.1,0.1,0.1,0.6,0.4,True,eligible_buy_or_hold,3,4,1.0,0.25,46,rule100_softmax_v1_history
2026-04-20,LRCX,48486,HOLD,,0.1,0.1,0.1,0.6,0.4,True,eligible_buy_or_hold,3,4,1.0,0.25,74,rule100_softmax_v1_history
2026-04-20,MU,53613,TRIM,,0.1,0.1,0.1,0.6,0.4,True,eligible_buy_or_hold,3,4,1.0,0.25,73,rule100_softmax_v1_history
2026-04-20,TSM,85442,TIGHTEN,,0.1,0.1,0.0,0.6,0.4,False,tighten_below_hold_threshold,1,4,0.1642800000000001,0.04107000000000002,321,rule100_softmax_v1_history
2026-04-20,WDC,66384,TRIM,,0.1,0.1,0.1,0.6,0.4,True,eligible_buy_or_hold,3,4,1.0,0.25,55,rule100_softmax_v1_history
2026-04-21,AMAT,14702,HOLD,,0.1,0.1,0.1,0.6,0.4,True,eligible_buy_or_hold,3,4,1.0,0.25,47,rule100_softmax_v1_history
2026-04-21,LRCX,48486,HOLD,,0.1,0.1,0.1,0.6,0.4,True,eligible_buy_or_hold,3,4,1.0,0.25,75,rule100_softmax_v1_history
2026-04-21,MU,53613,HOLD,,0.1,0.1,0.1,0.6,0.4,True,eligible_buy_or_hold,3,4,1.0,0.25,74,rule100_softmax_v1_history
2026-04-21,TSM,85442,TIGHTEN,,0.1,0.1,0.0,0.6,0.4,False,tighten_below_hold_threshold,1,4,0.14746000000000004,0.03686500000000001,322,rule100_softmax_v1_history
2026-04-21,WDC,66384,TRIM,,0.1,0.1,0.1,0.6,0.4,True,eligible_buy_or_hold,3,4,1.0,0.25,56,rule100_softmax_v1_history
2026-04-22,AMAT,14702,HOLD,,0.1,0.1,0.1,0.6,0.4,True,eligible_buy_or_hold,3,4,1.0,0.25,48,rule100_softmax_v1_history
2026-04-22,LRCX,48486,HOLD,,0.1,0.1,0.1,0.6,0.4,True,eligible_buy_or_hold,3,4,1.0,0.25,76,rule100_softmax_v1_history
2026-04-22,MU,53613,TRIM,,0.1,0.1,0.1,0.6,0.4,True,eligible_buy_or_hold,3,4,1.0,0.25,75,rule100_softmax_v1_history
2026-04-22,TSM,85442,TIGHTEN,,0.1,0.1,0.0,0.6,0.4,False,tighten_below_hold_threshold,1,4,0.0,0.0,323,rule100_softmax_v1_history
2026-04-22,WDC,66384,TRIM,,0.1,0.1,0.1,0.6,0.4,True,eligible_buy_or_hold,3,4,1.0,0.25,57,rule100_softmax_v1_history
2026-04-23,AMAT,14702,HOLD,,0.1,0.1,0.1,0.7,0.30000000000000004,True,eligible_buy_or_hold,3,4,1.0,0.25,49,rule100_softmax_v1_history
2026-04-23,LRCX,48486,HOLD,,0.1,0.1,0.1,0.7,0.30000000000000004,True,eligible_buy_or_hold,3,4,1.0,0.25,77,rule100_softmax_v1_history
2026-04-23,MU,53613,TRIM,,0.1,0.1,0.1,0.7,0.30000000000000004,True,eligible_buy_or_hold,3,4,1.0,0.25,76,rule100_softmax_v1_history
2026-04-23,TSM,85442,TIGHTEN,,0.1,0.1,0.0,0.7,0.30000000000000004,False,tighten_below_hold_threshold,1,4,0.0,0.0,324,rule100_softmax_v1_history
2026-04-23,WDC,66384,EXIT,SELL,0.0,0.0,0.0,0.7,0.30000000000000004,False,flat_after_sell,3,4,0.0,,58,rule100_softmax_v1_history
2026-04-24,AMAT,14702,HOLD,,0.1,0.1,0.1,0.7,0.30000000000000004,True,eligible_buy_or_hold,3,4,1.0,0.25,50,rule100_softmax_v1_history
2026-04-24,LRCX,48486,HOLD,,0.1,0.1,0.1,0.7,0.30000000000000004,True,eligible_buy_or_hold,3,4,1.0,0.25,78,rule100_softmax_v1_history
2026-04-24,MU,53613,TRIM,,0.1,0.1,0.1,0.7,0.30000000000000004,True,eligible_buy_or_hold,3,4,1.0,0.25,77,rule100_softmax_v1_history
2026-04-24,TSM,85442,TIGHTEN,,0.1,0.1,0.0,0.7,0.30000000000000004,False,tighten_below_hold_threshold,1,4,0.0,0.0,325,rule100_softmax_v1_history
2026-04-27,AMAT,14702,HOLD,,0.1,0.1,0.1,0.8,0.2,True,eligible_buy_or_hold,3,4,1.0,0.25,53,rule100_softmax_v1_history
2026-04-27,LRCX,48486,HOLD,,0.1,0.1,0.1,0.8,0.2,True,eligible_buy_or_hold,3,4,1.0,0.25,81,rule100_softmax_v1_history
2026-04-27,MU,53613,EXIT,SELL,0.0,0.0,0.0,0.8,0.2,False,flat_after_sell,3,4,0.0,,80,rule100_softmax_v1_history
2026-04-27,TSM,85442,TIGHTEN,,0.1,0.1,0.0,0.8,0.2,False,tighten_below_hold_threshold,1,4,0.0,0.0,328,rule100_softmax_v1_history
2026-04-28,AMAT,14702,HOLD,,0.1,0.1,0.1,0.8,0.2,True,eligible_buy_or_hold,3,4,1.0,0.25,54,rule100_softmax_v1_history
2026-04-28,LRCX,48486,HOLD,,0.1,0.1,0.1,0.8,0.2,True,eligible_buy_or_hold,3,4,1.0,0.25,82,rule100_softmax_v1_history
2026-04-28,TSM,85442,TIGHTEN,,0.1,0.1,0.0,0.8,0.2,False,tighten_below_hold_threshold,1,4,0.0,0.0,329,rule100_softmax_v1_history
2026-04-29,AMAT,14702,HOLD,,0.1,0.1,0.1,0.8,0.2,True,eligible_buy_or_hold,3,4,1.0,0.25,55,rule100_softmax_v1_history
2026-04-29,LRCX,48486,HOLD,,0.1,0.1,0.1,0.8,0.2,True,eligible_buy_or_hold,3,4,1.0,0.25,83,rule100_softmax_v1_history
2026-04-29,TSM,85442,TIGHTEN,,0.1,0.1,0.0,0.8,0.2,False,tighten_below_hold_threshold,1,4,0.0,0.0,330,rule100_softmax_v1_history
2026-04-30,AMAT,14702,HOLD,,0.1,0.1,0.1,0.8,0.2,True,eligible_buy_or_hold,3,4,1.0,0.25,56,rule100_softmax_v1_history
2026-04-30,LRCX,48486,HOLD,,0.1,0.1,0.1,0.8,0.2,True,eligible_buy_or_hold,3,4,1.0,0.25,84,rule100_softmax_v1_history
2026-04-30,TSM,85442,TIGHTEN,,0.1,0.1,0.0,0.8,0.2,False,tighten_below_hold_threshold,1,4,0.0,0.0,331,rule100_softmax_v1_history
2026-05-01,AMAT,14702,HOLD,,0.1,0.1,0.1,0.8,0.2,True,eligible_buy_or_hold,3,4,1.0,0.25,57,rule100_softmax_v1_history
2026-05-01,LRCX,48486,HOLD,,0.1,0.1,0.1,0.8,0.2,True,eligible_buy_or_hold,3,4,1.0,0.25,85,rule100_softmax_v1_history
2026-05-01,TSM,85442,TIGHTEN,,0.1,0.1,0.0,0.8,0.2,False,tighten_below_hold_threshold,1,4,0.0,0.0,332,rule100_softmax_v1_history
2026-05-04,AMAT,14702,HOLD,,0.1,0.1,0.1,0.8,0.2,True,eligible_buy_or_hold,3,4,1.0,0.25,60,rule100_softmax_v1_history
2026-05-04,LRCX,48486,HOLD,,0.1,0.1,0.1,0.8,0.2,True,eligible_buy_or_hold,3,4,1.0,0.25,88,rule100_softmax_v1_history
2026-05-04,TSM,85442,TIGHTEN,,0.1,0.1,0.0,0.8,0.2,False,tighten_below_hold_threshold,1,4,0.0,0.0,335,rule100_softmax_v1_history
2026-05-05,AMAT,14702,HOLD,,0.1,0.1,0.1,0.8,0.2,True,eligible_buy_or_hold,3,4,1.0,0.25,61,rule100_softmax_v1_history
2026-05-05,LRCX,48486,HOLD,,0.1,0.1,0.1,0.8,0.2,True,eligible_buy_or_hold,3,4,1.0,0.25,89,rule100_softmax_v1_history
2026-05-05,TSM,85442,TIGHTEN,,0.1,0.1,0.0,0.8,0.2,False,tighten_below_hold_threshold,1,4,0.37234,0.093085,336,rule100_softmax_v1_history
2026-05-06,AMAT,14702,HOLD,,0.1,0.1,0.1,0.8,0.2,True,eligible_buy_or_hold,3,4,1.0,0.25,62,rule100_softmax_v1_history
2026-05-06,LRCX,48486,TRIM,,0.1,0.1,0.1,0.8,0.2,True,eligible_buy_or_hold,3,4,1.0,0.25,90,rule100_softmax_v1_history
2026-05-06,TSM,85442,TIGHTEN,,0.1,0.1,0.0,0.8,0.2,False,tighten_below_hold_threshold,1,4,0.0,0.0,337,rule100_softmax_v1_history
2026-05-07,AMAT,14702,HOLD,,0.1,0.1,0.1,0.8,0.2,True,eligible_buy_or_hold,3,4,1.0,0.25,63,rule100_softmax_v1_history
2026-05-07,LRCX,48486,HOLD,,0.1,0.1,0.1,0.8,0.2,True,eligible_buy_or_hold,3,4,1.0,0.25,91,rule100_softmax_v1_history
2026-05-07,TSM,85442,TIGHTEN,,0.1,0.1,0.0,0.8,0.2,False,tighten_below_hold_threshold,1,4,0.0,0.0,338,rule100_softmax_v1_history
2026-05-08,AMAT,14702,HOLD,,0.1,0.1,0.1,0.8,0.2,True,eligible_buy_or_hold,3,4,1.0,0.25,64,rule100_softmax_v1_history
2026-05-08,LRCX,48486,HOLD,,0.1,0.1,0.1,0.8,0.2,True,eligible_buy_or_hold,3,4,1.0,0.25,92,rule100_softmax_v1_history
2026-05-08,TSM,85442,TIGHTEN,,0.1,0.1,0.0,0.8,0.2,False,tighten_below_hold_threshold,1,4,0.0,0.0,339,rule100_softmax_v1_history
2026-05-11,AMAT,14702,HOLD,,0.1,0.1,0.1,0.8,0.2,True,eligible_buy_or_hold,3,4,1.0,0.25,67,rule100_softmax_v1_history
2026-05-11,LRCX,48486,HOLD,,0.1,0.1,0.1,0.8,0.2,True,eligible_buy_or_hold,3,4,1.0,0.25,95,rule100_softmax_v1_history
2026-05-11,TSM,85442,TIGHTEN,,0.1,0.1,0.0,0.8,0.2,False,tighten_below_hold_threshold,1,4,0.26447999999999994,0.06611999999999998,342,rule100_softmax_v1_history
